Model,Scenario,Scenario_Category,Category_name
AIM/CGE 2.0,ADVANCE_2020_1.5C-2100,failed-vetting,failed-vetting
AIM/CGE 2.0,ADVANCE_2020_Med2C,failed-vetting,failed-vetting
AIM/CGE 2.0,ADVANCE_2020_WB2C,failed-vetting,failed-vetting
AIM/CGE 2.0,ADVANCE_2030_Med2C,failed-vetting,failed-vetting
AIM/CGE 2.0,ADVANCE_2030_Price1.5C,failed-vetting,failed-vetting
AIM/CGE 2.0,ADVANCE_2030_WB2C,failed-vetting,failed-vetting
AIM/CGE 2.0,ADVANCE_INDC,failed-vetting,failed-vetting
AIM/CGE 2.0,ADVANCE_NoPolicy,failed-vetting,failed-vetting
AIM/CGE 2.0,ADVANCE_Reference,failed-vetting,failed-vetting
AIM/CGE 2.0,EMF30_BCOC-EndU,failed-vetting,failed-vetting
AIM/CGE 2.0,EMF30_Baseline,failed-vetting,failed-vetting
AIM/CGE 2.0,EMF30_CH4-Only,failed-vetting,failed-vetting
AIM/CGE 2.0,EMF30_ClimPolicy,failed-vetting,failed-vetting
AIM/CGE 2.0,EMF30_ClimPolicy+SLCF,failed-vetting,failed-vetting
AIM/CGE 2.0,EMF30_D_BCOC-Red,failed-vetting,failed-vetting
AIM/CGE 2.0,EMF30_D_CH4-ClimPolicy,failed-vetting,failed-vetting
AIM/CGE 2.0,EMF30_D_CO2-Only,failed-vetting,failed-vetting
AIM/CGE 2.0,EMF30_D_Frozen-CH4,failed-vetting,failed-vetting
AIM/CGE 2.0,EMF30_D_Frozen-EF,failed-vetting,failed-vetting
AIM/CGE 2.0,EMF30_D_Frozen-EF-EndU,failed-vetting,failed-vetting
AIM/CGE 2.0,EMF30_D_Frozen-EF-SLCF,failed-vetting,failed-vetting
AIM/CGE 2.0,EMF30_SLCF,failed-vetting,failed-vetting
AIM/CGE 2.0,EMF30_Slower-Action,failed-vetting,failed-vetting
AIM/CGE 2.0,EMF30_Slower-Action+SLCF,failed-vetting,failed-vetting
AIM/CGE 2.0,EMF30_Slower-to-faster,failed-vetting,failed-vetting
AIM/CGE 2.0,EMF30_Slower-to-faster+SLCF,failed-vetting,failed-vetting
AIM/CGE 2.0,EMF30_Slower-to-faster+SLCF+HFC,failed-vetting,failed-vetting
AIM/CGE 2.0,SFCM_SSP2_Bio_1p5Degree,failed-vetting,failed-vetting
AIM/CGE 2.0,SFCM_SSP2_Bio_2Degree,failed-vetting,failed-vetting
AIM/CGE 2.0,SFCM_SSP2_Bio_Baseline,failed-vetting,failed-vetting
AIM/CGE 2.0,SFCM_SSP2_EEEI_1p5Degree,failed-vetting,failed-vetting
AIM/CGE 2.0,SFCM_SSP2_EEEI_2Degree,failed-vetting,failed-vetting
AIM/CGE 2.0,SFCM_SSP2_EEEI_Baseline,failed-vetting,failed-vetting
AIM/CGE 2.0,SFCM_SSP2_LifeStyle_1p5Degree,failed-vetting,failed-vetting
AIM/CGE 2.0,SFCM_SSP2_LifeStyle_2Degree,failed-vetting,failed-vetting
AIM/CGE 2.0,SFCM_SSP2_LifeStyle_Baseline,failed-vetting,failed-vetting
AIM/CGE 2.0,SFCM_SSP2_Ref_1p5Degree,failed-vetting,failed-vetting
AIM/CGE 2.0,SFCM_SSP2_Ref_2Degree,failed-vetting,failed-vetting
AIM/CGE 2.0,SFCM_SSP2_Ref_Baseline,failed-vetting,failed-vetting
AIM/CGE 2.0,SFCM_SSP2_ST_CCS_1p5Degree,failed-vetting,failed-vetting
AIM/CGE 2.0,SFCM_SSP2_ST_CCS_2Degree,failed-vetting,failed-vetting
AIM/CGE 2.0,SFCM_SSP2_ST_CCS_Baseline,failed-vetting,failed-vetting
AIM/CGE 2.0,SFCM_SSP2_ST_bio_1p5Degree,failed-vetting,failed-vetting
AIM/CGE 2.0,SFCM_SSP2_ST_bio_2Degree,failed-vetting,failed-vetting
AIM/CGE 2.0,SFCM_SSP2_ST_bio_Baseline,failed-vetting,failed-vetting
AIM/CGE 2.0,SFCM_SSP2_ST_nuclear_1p5Degree,failed-vetting,failed-vetting
AIM/CGE 2.0,SFCM_SSP2_ST_nuclear_2Degree,failed-vetting,failed-vetting
AIM/CGE 2.0,SFCM_SSP2_ST_nuclear_Baseline,failed-vetting,failed-vetting
AIM/CGE 2.0,SFCM_SSP2_ST_solar_1p5Degree,failed-vetting,failed-vetting
AIM/CGE 2.0,SFCM_SSP2_ST_solar_2Degree,failed-vetting,failed-vetting
AIM/CGE 2.0,SFCM_SSP2_ST_solar_Baseline,failed-vetting,failed-vetting
AIM/CGE 2.0,SFCM_SSP2_ST_wind_1p5Degree,failed-vetting,failed-vetting
AIM/CGE 2.0,SFCM_SSP2_ST_wind_2Degree,failed-vetting,failed-vetting
AIM/CGE 2.0,SFCM_SSP2_ST_wind_Baseline,failed-vetting,failed-vetting
AIM/CGE 2.0,SFCM_SSP2_SupTech_1p5Degree,failed-vetting,failed-vetting
AIM/CGE 2.0,SFCM_SSP2_SupTech_2Degree,failed-vetting,failed-vetting
AIM/CGE 2.0,SFCM_SSP2_SupTech_Baseline,failed-vetting,failed-vetting
AIM/CGE 2.0,SFCM_SSP2_combined_1p5Degree,failed-vetting,failed-vetting
AIM/CGE 2.0,SFCM_SSP2_combined_2Degree,failed-vetting,failed-vetting
AIM/CGE 2.0,SFCM_SSP2_combined_Baseline,failed-vetting,failed-vetting
AIM/CGE 2.0,SSP1-19,failed-vetting,failed-vetting
AIM/CGE 2.0,SSP1-26,C3,C3: limit warming to 2°C (>67%)
AIM/CGE 2.0,SSP1-34,C5,C5: limit warming to 2.5°C (>50%)
AIM/CGE 2.0,SSP1-45,C6,C6: limit warming to 3°C (>50%)
AIM/CGE 2.0,SSP1-Baseline,C7,C7: limit warming to 4°C (>50%)
AIM/CGE 2.0,SSP2-19,failed-vetting,failed-vetting
AIM/CGE 2.0,SSP2-26,failed-vetting,failed-vetting
AIM/CGE 2.0,SSP2-34,failed-vetting,failed-vetting
AIM/CGE 2.0,SSP2-45,failed-vetting,failed-vetting
AIM/CGE 2.0,SSP2-60,failed-vetting,failed-vetting
AIM/CGE 2.0,SSP2-Baseline,failed-vetting,failed-vetting
AIM/CGE 2.0,SSP3-34,failed-vetting,failed-vetting
AIM/CGE 2.0,SSP3-45,failed-vetting,failed-vetting
AIM/CGE 2.0,SSP3-60,failed-vetting,failed-vetting
AIM/CGE 2.0,SSP3-Baseline,failed-vetting,failed-vetting
AIM/CGE 2.0,SSP4-26,C3,C3: limit warming to 2°C (>67%)
AIM/CGE 2.0,SSP4-34,C5,C5: limit warming to 2.5°C (>50%)
AIM/CGE 2.0,SSP4-45,C6,C6: limit warming to 3°C (>50%)
AIM/CGE 2.0,SSP4-Baseline,C7,C7: limit warming to 4°C (>50%)
AIM/CGE 2.0,SSP5-26,failed-vetting,failed-vetting
AIM/CGE 2.0,SSP5-34,failed-vetting,failed-vetting
AIM/CGE 2.0,SSP5-45,failed-vetting,failed-vetting
AIM/CGE 2.0,SSP5-60,failed-vetting,failed-vetting
AIM/CGE 2.0,SSP5-Baseline,failed-vetting,failed-vetting
AIM/CGE 2.1,CD-LINKS_INDC2030i_1600,C5,C5: limit warming to 2.5°C (>50%)
AIM/CGE 2.1,CD-LINKS_INDCi,C7,C7: limit warming to 4°C (>50%)
AIM/CGE 2.1,CD-LINKS_NDC2030i_1000,C4,C4: limit warming to 2°C (>50%)
AIM/CGE 2.1,CD-LINKS_NPi,failed-vetting,failed-vetting
AIM/CGE 2.1,CD-LINKS_NPi2020_1000,C3,C3: limit warming to 2°C (>67%)
AIM/CGE 2.1,CD-LINKS_NPi2020_1600,C5,C5: limit warming to 2.5°C (>50%)
AIM/CGE 2.1,CD-LINKS_NPi2020_400,C1,C1: limit warming to 1.5°C (>50%) with no or limited overshoot
AIM/CGE 2.1,CD-LINKS_NoPolicy,failed-vetting,failed-vetting
AIM/CGE 2.1,CO_2Deg2020,no-climate-assessment,no-climate-assessment
AIM/CGE 2.1,CO_2Deg2030,no-climate-assessment,no-climate-assessment
AIM/CGE 2.1,CO_BAU,no-climate-assessment,no-climate-assessment
AIM/CGE 2.1,CO_Bridge,C3,C3: limit warming to 2°C (>67%)
AIM/CGE 2.1,CO_CurPol,C7,C7: limit warming to 4°C (>50%)
AIM/CGE 2.1,CO_GPP,no-climate-assessment,no-climate-assessment
AIM/CGE 2.1,CO_NDCplus,no-climate-assessment,no-climate-assessment
AIM/CGE 2.1,EMF33_Baseline,failed-vetting,failed-vetting
AIM/CGE 2.1,EMF33_Med2C_cost100,failed-vetting,failed-vetting
AIM/CGE 2.1,EMF33_Med2C_full,failed-vetting,failed-vetting
AIM/CGE 2.1,EMF33_Med2C_nobeccs,failed-vetting,failed-vetting
AIM/CGE 2.1,EMF33_Med2C_nofuel,failed-vetting,failed-vetting
AIM/CGE 2.1,EMF33_Med2C_none,failed-vetting,failed-vetting
AIM/CGE 2.1,EMF33_WB2C_cost100,failed-vetting,failed-vetting
AIM/CGE 2.1,EMF33_WB2C_full,failed-vetting,failed-vetting
AIM/CGE 2.1,EMF33_tax_hi_full,failed-vetting,failed-vetting
AIM/CGE 2.1,EMF33_tax_hi_none,failed-vetting,failed-vetting
AIM/CGE 2.1,EMF33_tax_lo_full,failed-vetting,failed-vetting
AIM/CGE 2.1,EMF33_tax_lo_none,failed-vetting,failed-vetting
AIM/CGE 2.1,TERL_15D_LowCarbonTransportPolicy,failed-vetting,failed-vetting
AIM/CGE 2.1,TERL_15D_NoTransportPolicy,failed-vetting,failed-vetting
AIM/CGE 2.1,TERL_2D_LowCarbonTransportPolicy,failed-vetting,failed-vetting
AIM/CGE 2.1,TERL_2D_NoTransportPolicy,failed-vetting,failed-vetting
AIM/CGE 2.1,TERL_Baseline_LowCarbonTransportPolicy,failed-vetting,failed-vetting
AIM/CGE 2.1,TERL_Baseline_NoTransportPolicy,failed-vetting,failed-vetting
AIM/CGE 2.2,ADVANCE_WP2_IND-450-FullTech,no-climate-assessment,no-climate-assessment
AIM/CGE 2.2,ADVANCE_WP2_IND-Base-FullTech,no-climate-assessment,no-climate-assessment
AIM/CGE 2.2,ADVANCE_WP2_TRA-450-FullTech,no-climate-assessment,no-climate-assessment
AIM/CGE 2.2,ADVANCE_WP2_TRA-Base-FullTech,no-climate-assessment,no-climate-assessment
AIM/CGE 2.2,ADVANCE_WP2_TRA-Ctax-FullTech,no-climate-assessment,no-climate-assessment
AIM/CGE 2.2,EN_INDCi2030_1000f,C3,C3: limit warming to 2°C (>67%)
AIM/CGE 2.2,EN_INDCi2030_1200,C4,C4: limit warming to 2°C (>50%)
AIM/CGE 2.2,EN_INDCi2030_1200f,C4,C4: limit warming to 2°C (>50%)
AIM/CGE 2.2,EN_INDCi2030_1400,C4,C4: limit warming to 2°C (>50%)
AIM/CGE 2.2,EN_INDCi2030_1400f,C4,C4: limit warming to 2°C (>50%)
AIM/CGE 2.2,EN_INDCi2030_1600,C5,C5: limit warming to 2.5°C (>50%)
AIM/CGE 2.2,EN_INDCi2030_1600f,C5,C5: limit warming to 2.5°C (>50%)
AIM/CGE 2.2,EN_INDCi2030_1800,C5,C5: limit warming to 2.5°C (>50%)
AIM/CGE 2.2,EN_INDCi2030_1800f,C5,C5: limit warming to 2.5°C (>50%)
AIM/CGE 2.2,EN_INDCi2030_800f,C3,C3: limit warming to 2°C (>67%)
AIM/CGE 2.2,EN_INDCi2030_900f,C3,C3: limit warming to 2°C (>67%)
AIM/CGE 2.2,EN_INDCi2100,C6,C6: limit warming to 3°C (>50%)
AIM/CGE 2.2,EN_NPi2020_1000,C3,C3: limit warming to 2°C (>67%)
AIM/CGE 2.2,EN_NPi2020_1000f,C3,C3: limit warming to 2°C (>67%)
AIM/CGE 2.2,EN_NPi2020_1200,C3,C3: limit warming to 2°C (>67%)
AIM/CGE 2.2,EN_NPi2020_1200f,C4,C4: limit warming to 2°C (>50%)
AIM/CGE 2.2,EN_NPi2020_1400,C4,C4: limit warming to 2°C (>50%)
AIM/CGE 2.2,EN_NPi2020_1400f,C4,C4: limit warming to 2°C (>50%)
AIM/CGE 2.2,EN_NPi2020_1600,C5,C5: limit warming to 2.5°C (>50%)
AIM/CGE 2.2,EN_NPi2020_1600f,C5,C5: limit warming to 2.5°C (>50%)
AIM/CGE 2.2,EN_NPi2020_1800,C5,C5: limit warming to 2.5°C (>50%)
AIM/CGE 2.2,EN_NPi2020_1800f,C5,C5: limit warming to 2.5°C (>50%)
AIM/CGE 2.2,EN_NPi2020_300f,C1,C1: limit warming to 1.5°C (>50%) with no or limited overshoot
AIM/CGE 2.2,EN_NPi2020_400f,C2,C2: return warming to 1.5°C (>50%) after a high overshoot
AIM/CGE 2.2,EN_NPi2020_500f,C2,C2: return warming to 1.5°C (>50%) after a high overshoot
AIM/CGE 2.2,EN_NPi2020_600,C1,C1: limit warming to 1.5°C (>50%) with no or limited overshoot
AIM/CGE 2.2,EN_NPi2020_600f,C2,C2: return warming to 1.5°C (>50%) after a high overshoot
AIM/CGE 2.2,EN_NPi2020_700,C3,C3: limit warming to 2°C (>67%)
AIM/CGE 2.2,EN_NPi2020_700f,C3,C3: limit warming to 2°C (>67%)
AIM/CGE 2.2,EN_NPi2020_800,C3,C3: limit warming to 2°C (>67%)
AIM/CGE 2.2,EN_NPi2020_800f,C3,C3: limit warming to 2°C (>67%)
AIM/CGE 2.2,EN_NPi2020_900,C3,C3: limit warming to 2°C (>67%)
AIM/CGE 2.2,EN_NPi2020_900f,C3,C3: limit warming to 2°C (>67%)
AIM/CGE 2.2,EN_NPi2100,C7,C7: limit warming to 4°C (>50%)
AIM/Hub-Global 2.0,1.5C,C1,C1: limit warming to 1.5°C (>50%) with no or limited overshoot
AIM/Hub-Global 2.0,2.5C,C6,C6: limit warming to 3°C (>50%)
AIM/Hub-Global 2.0,2C,C5,C5: limit warming to 2.5°C (>50%)
AIM/Hub-Global 2.0,450ppmCancunP,failed-vetting,failed-vetting
AIM/Hub-Global 2.0,450ppmRCP,failed-vetting,failed-vetting
AIM/Hub-Global 2.0,450ppmeINDC,failed-vetting,failed-vetting
AIM/Hub-Global 2.0,Baseline,C7,C7: limit warming to 4°C (>50%)
AIM/Hub-Global 2.0,INDCSamePrice,failed-vetting,failed-vetting
AIM/Hub-Global 2.0,WB2C,C3,C3: limit warming to 2°C (>67%)
BET EMF33,EMF33_1.5C_cost100,failed-vetting,failed-vetting
BET EMF33,EMF33_1.5C_full,failed-vetting,failed-vetting
BET EMF33,EMF33_1.5C_nofuel,failed-vetting,failed-vetting
BET EMF33,EMF33_Baseline,failed-vetting,failed-vetting
BET EMF33,EMF33_Med2C_cost100,failed-vetting,failed-vetting
BET EMF33,EMF33_Med2C_full,failed-vetting,failed-vetting
BET EMF33,EMF33_Med2C_limbio,failed-vetting,failed-vetting
BET EMF33,EMF33_Med2C_nofuel,failed-vetting,failed-vetting
BET EMF33,EMF33_WB2C_cost100,failed-vetting,failed-vetting
BET EMF33,EMF33_WB2C_full,failed-vetting,failed-vetting
BET EMF33,EMF33_WB2C_limbio,failed-vetting,failed-vetting
BET EMF33,EMF33_WB2C_nofuel,failed-vetting,failed-vetting
BET EMF33,EMF33_tax_hi_full,failed-vetting,failed-vetting
BET EMF33,EMF33_tax_hi_none,failed-vetting,failed-vetting
BET EMF33,EMF33_tax_lo_full,failed-vetting,failed-vetting
BET EMF33,EMF33_tax_lo_none,failed-vetting,failed-vetting
C-GEM 3.0,BAU_IEO,no-climate-assessment,no-climate-assessment
C-GEM 3.0,BAU_WEO,no-climate-assessment,no-climate-assessment
C-GEM 3.0,IEO_NDC2C_ASIA,no-climate-assessment,no-climate-assessment
C-GEM 3.0,IEO_NDC2C_EUR_CHN,no-climate-assessment,no-climate-assessment
C-GEM 3.0,IEO_NDC2C_GLOBAL,no-climate-assessment,no-climate-assessment
C-GEM 3.0,IEO_NDC2C_PARTIAL,no-climate-assessment,no-climate-assessment
C-GEM 3.0,IEO_NDC2C_REF,no-climate-assessment,no-climate-assessment
C-GEM 3.0,IEO_NDC_ASIA,no-climate-assessment,no-climate-assessment
C-GEM 3.0,IEO_NDC_EUR_CHN,no-climate-assessment,no-climate-assessment
C-GEM 3.0,IEO_NDC_GLOBAL,no-climate-assessment,no-climate-assessment
C-GEM 3.0,IEO_NDC_PARTIAL,no-climate-assessment,no-climate-assessment
C-GEM 3.0,IEO_NDC_REF,no-climate-assessment,no-climate-assessment
C-GEM 3.0,IEO_NDCplus_ASIA,no-climate-assessment,no-climate-assessment
C-GEM 3.0,IEO_NDCplus_EUR_CHN,no-climate-assessment,no-climate-assessment
C-GEM 3.0,IEO_NDCplus_GLOBAL,no-climate-assessment,no-climate-assessment
C-GEM 3.0,IEO_NDCplus_PARTIAL,no-climate-assessment,no-climate-assessment
C-GEM 3.0,IEO_NDCplus_REF,no-climate-assessment,no-climate-assessment
C-GEM 3.0,WEO_NDC2C_ASIA,no-climate-assessment,no-climate-assessment
C-GEM 3.0,WEO_NDC2C_EUR_CHN,no-climate-assessment,no-climate-assessment
C-GEM 3.0,WEO_NDC2C_GLOBAL,no-climate-assessment,no-climate-assessment
C-GEM 3.0,WEO_NDC2C_PARTIAL,no-climate-assessment,no-climate-assessment
C-GEM 3.0,WEO_NDC2C_REF,no-climate-assessment,no-climate-assessment
C-GEM 3.0,WEO_NDC_ASIA,no-climate-assessment,no-climate-assessment
C-GEM 3.0,WEO_NDC_EUR_CHN,no-climate-assessment,no-climate-assessment
C-GEM 3.0,WEO_NDC_GLOBAL,no-climate-assessment,no-climate-assessment
C-GEM 3.0,WEO_NDC_PARTIAL,no-climate-assessment,no-climate-assessment
C-GEM 3.0,WEO_NDC_REF,no-climate-assessment,no-climate-assessment
C-GEM 3.0,WEO_NDCplus_ASIA,no-climate-assessment,no-climate-assessment
C-GEM 3.0,WEO_NDCplus_EUR_CHN,no-climate-assessment,no-climate-assessment
C-GEM 3.0,WEO_NDCplus_GLOBAL,no-climate-assessment,no-climate-assessment
C-GEM 3.0,WEO_NDCplus_PARTIAL,no-climate-assessment,no-climate-assessment
C-GEM 3.0,WEO_NDCplus_REF,no-climate-assessment,no-climate-assessment
C-ROADS-5.005,Ratchet-1.5-allCDR,C2,C2: return warming to 1.5°C (>50%) after a high overshoot
C-ROADS-5.005,Ratchet-1.5-limCDR,C2,C2: return warming to 1.5°C (>50%) after a high overshoot
C-ROADS-5.005,Ratchet-1.5-limCDR-noOS,C1,C1: limit warming to 1.5°C (>50%) with no or limited overshoot
C-ROADS-5.005,Ratchet-1.5-noCDR,C1,C1: limit warming to 1.5°C (>50%) with no or limited overshoot
C-ROADS-5.005,Ratchet-1.5-noCDR-noOS,C1,C1: limit warming to 1.5°C (>50%) with no or limited overshoot
C-ROADS-5.005,Reference,C8,C8: exceed warming of 4°C (>=50%)
C3IAM 1.0,SSP1_5.0,failed-vetting,failed-vetting
C3IAM 1.0,SSP1_BAU,failed-vetting,failed-vetting
C3IAM 1.0,SSP1_NDC,failed-vetting,failed-vetting
C3IAM 1.0,SSP2_5.0,failed-vetting,failed-vetting
C3IAM 1.0,SSP2_BAU,failed-vetting,failed-vetting
C3IAM 1.0,SSP2_NDC,failed-vetting,failed-vetting
C3IAM 1.0,SSP3_5.5,failed-vetting,failed-vetting
C3IAM 1.0,SSP3_BAU,failed-vetting,failed-vetting
C3IAM 1.0,SSP3_NDC,failed-vetting,failed-vetting
C3IAM 2.0,2C-hybrid,no-climate-assessment,no-climate-assessment
C3IAM 2.0,2C-normal,no-climate-assessment,no-climate-assessment
C3IAM 2.0,2C-with BECCS,no-climate-assessment,no-climate-assessment
C3IAM 2.0,2C-with CCS,no-climate-assessment,no-climate-assessment
C3IAM 2.0,SSP2 BAU,no-climate-assessment,no-climate-assessment
CGE-MOD 1.0,BAU_IEO,no-climate-assessment,no-climate-assessment
CGE-MOD 1.0,BAU_WEO,no-climate-assessment,no-climate-assessment
CGE-MOD 1.0,IEO_NDC2C_ASIA,no-climate-assessment,no-climate-assessment
CGE-MOD 1.0,IEO_NDC2C_EUR_CHN,no-climate-assessment,no-climate-assessment
CGE-MOD 1.0,IEO_NDC2C_GLOBAL,no-climate-assessment,no-climate-assessment
CGE-MOD 1.0,IEO_NDC2C_PARTIAL,no-climate-assessment,no-climate-assessment
CGE-MOD 1.0,IEO_NDC2C_REF,no-climate-assessment,no-climate-assessment
CGE-MOD 1.0,IEO_NDC_ASIA,no-climate-assessment,no-climate-assessment
CGE-MOD 1.0,IEO_NDC_EUR_CHN,no-climate-assessment,no-climate-assessment
CGE-MOD 1.0,IEO_NDC_GLOBAL,no-climate-assessment,no-climate-assessment
CGE-MOD 1.0,IEO_NDC_PARTIAL,no-climate-assessment,no-climate-assessment
CGE-MOD 1.0,IEO_NDC_REF,no-climate-assessment,no-climate-assessment
CGE-MOD 1.0,IEO_NDCplus_ASIA,no-climate-assessment,no-climate-assessment
CGE-MOD 1.0,IEO_NDCplus_EUR_CHN,no-climate-assessment,no-climate-assessment
CGE-MOD 1.0,IEO_NDCplus_GLOBAL,no-climate-assessment,no-climate-assessment
CGE-MOD 1.0,IEO_NDCplus_PARTIAL,no-climate-assessment,no-climate-assessment
CGE-MOD 1.0,IEO_NDCplus_REF,no-climate-assessment,no-climate-assessment
CGE-MOD 1.0,WEO_NDC2C_ASIA,no-climate-assessment,no-climate-assessment
CGE-MOD 1.0,WEO_NDC2C_EUR_CHN,no-climate-assessment,no-climate-assessment
CGE-MOD 1.0,WEO_NDC2C_GLOBAL,no-climate-assessment,no-climate-assessment
CGE-MOD 1.0,WEO_NDC2C_PARTIAL,no-climate-assessment,no-climate-assessment
CGE-MOD 1.0,WEO_NDC2C_REF,no-climate-assessment,no-climate-assessment
CGE-MOD 1.0,WEO_NDC_ASIA,no-climate-assessment,no-climate-assessment
CGE-MOD 1.0,WEO_NDC_EUR_CHN,no-climate-assessment,no-climate-assessment
CGE-MOD 1.0,WEO_NDC_GLOBAL,no-climate-assessment,no-climate-assessment
CGE-MOD 1.0,WEO_NDC_PARTIAL,no-climate-assessment,no-climate-assessment
CGE-MOD 1.0,WEO_NDC_REF,no-climate-assessment,no-climate-assessment
CGE-MOD 1.0,WEO_NDCplus_ASIA,no-climate-assessment,no-climate-assessment
CGE-MOD 1.0,WEO_NDCplus_EUR_CHN,no-climate-assessment,no-climate-assessment
CGE-MOD 1.0,WEO_NDCplus_GLOBAL,no-climate-assessment,no-climate-assessment
CGE-MOD 1.0,WEO_NDCplus_PARTIAL,no-climate-assessment,no-climate-assessment
CGE-MOD 1.0,WEO_NDCplus_REF,no-climate-assessment,no-climate-assessment
COFFEE 1.1,CO_2Deg2020,C4,C4: limit warming to 2°C (>50%)
COFFEE 1.1,CO_2Deg2030,C4,C4: limit warming to 2°C (>50%)
COFFEE 1.1,CO_BAU,C7,C7: limit warming to 4°C (>50%)
COFFEE 1.1,CO_Bridge,C3,C3: limit warming to 2°C (>67%)
COFFEE 1.1,CO_CurPol,C6,C6: limit warming to 3°C (>50%)
COFFEE 1.1,CO_GPP,C5,C5: limit warming to 2.5°C (>50%)
COFFEE 1.1,CO_NDCplus,C6,C6: limit warming to 3°C (>50%)
COFFEE 1.1,EN_INDCi2030_1000,C4,C4: limit warming to 2°C (>50%)
COFFEE 1.1,EN_INDCi2030_1000_COV_NDCp,failed-vetting,failed-vetting
COFFEE 1.1,EN_INDCi2030_1000_NDCp,C4,C4: limit warming to 2°C (>50%)
COFFEE 1.1,EN_INDCi2030_1000f,C5,C5: limit warming to 2.5°C (>50%)
COFFEE 1.1,EN_INDCi2030_1000f_COV_NDCp,failed-vetting,failed-vetting
COFFEE 1.1,EN_INDCi2030_1000f_NDCp,failed-vetting,failed-vetting
COFFEE 1.1,EN_INDCi2030_1200,C4,C4: limit warming to 2°C (>50%)
COFFEE 1.1,EN_INDCi2030_1200f,C5,C5: limit warming to 2.5°C (>50%)
COFFEE 1.1,EN_INDCi2030_1400,C5,C5: limit warming to 2.5°C (>50%)
COFFEE 1.1,EN_INDCi2030_1400f,C5,C5: limit warming to 2.5°C (>50%)
COFFEE 1.1,EN_INDCi2030_1600,C5,C5: limit warming to 2.5°C (>50%)
COFFEE 1.1,EN_INDCi2030_1600f,C5,C5: limit warming to 2.5°C (>50%)
COFFEE 1.1,EN_INDCi2030_1800,C5,C5: limit warming to 2.5°C (>50%)
COFFEE 1.1,EN_INDCi2030_1800f,C5,C5: limit warming to 2.5°C (>50%)
COFFEE 1.1,EN_INDCi2030_2000,C5,C5: limit warming to 2.5°C (>50%)
COFFEE 1.1,EN_INDCi2030_2000f,C5,C5: limit warming to 2.5°C (>50%)
COFFEE 1.1,EN_INDCi2030_2500,C6,C6: limit warming to 3°C (>50%)
COFFEE 1.1,EN_INDCi2030_2500f,C6,C6: limit warming to 3°C (>50%)
COFFEE 1.1,EN_INDCi2030_400f,C2,C2: return warming to 1.5°C (>50%) after a high overshoot
COFFEE 1.1,EN_INDCi2030_500,C3,C3: limit warming to 2°C (>67%)
COFFEE 1.1,EN_INDCi2030_500f,C2,C2: return warming to 1.5°C (>50%) after a high overshoot
COFFEE 1.1,EN_INDCi2030_600,C3,C3: limit warming to 2°C (>67%)
COFFEE 1.1,EN_INDCi2030_600_COV_NDCp,failed-vetting,failed-vetting
COFFEE 1.1,EN_INDCi2030_600_NDCp,C3,C3: limit warming to 2°C (>67%)
COFFEE 1.1,EN_INDCi2030_600f,C4,C4: limit warming to 2°C (>50%)
COFFEE 1.1,EN_INDCi2030_600f_COV_NDCp,failed-vetting,failed-vetting
COFFEE 1.1,EN_INDCi2030_600f_NDCp,failed-vetting,failed-vetting
COFFEE 1.1,EN_INDCi2030_700,C3,C3: limit warming to 2°C (>67%)
COFFEE 1.1,EN_INDCi2030_700f,C4,C4: limit warming to 2°C (>50%)
COFFEE 1.1,EN_INDCi2030_800,C3,C3: limit warming to 2°C (>67%)
COFFEE 1.1,EN_INDCi2030_800f,C4,C4: limit warming to 2°C (>50%)
COFFEE 1.1,EN_INDCi2030_900,C3,C3: limit warming to 2°C (>67%)
COFFEE 1.1,EN_INDCi2030_900f,C4,C4: limit warming to 2°C (>50%)
COFFEE 1.1,EN_INDCi2100,C6,C6: limit warming to 3°C (>50%)
COFFEE 1.1,EN_INDCi2100_COV_NDCp,C6,C6: limit warming to 3°C (>50%)
COFFEE 1.1,EN_INDCi2100_NDCp,failed-vetting,failed-vetting
COFFEE 1.1,EN_NPi2020_1000,C4,C4: limit warming to 2°C (>50%)
COFFEE 1.1,EN_NPi2020_1000_COV,failed-vetting,failed-vetting
COFFEE 1.1,EN_NPi2020_1000f,C5,C5: limit warming to 2.5°C (>50%)
COFFEE 1.1,EN_NPi2020_1000f_COV,failed-vetting,failed-vetting
COFFEE 1.1,EN_NPi2020_1200,C4,C4: limit warming to 2°C (>50%)
COFFEE 1.1,EN_NPi2020_1200f,C5,C5: limit warming to 2.5°C (>50%)
COFFEE 1.1,EN_NPi2020_1400,C5,C5: limit warming to 2.5°C (>50%)
COFFEE 1.1,EN_NPi2020_1400f,C5,C5: limit warming to 2.5°C (>50%)
COFFEE 1.1,EN_NPi2020_1600,C5,C5: limit warming to 2.5°C (>50%)
COFFEE 1.1,EN_NPi2020_1600f,C5,C5: limit warming to 2.5°C (>50%)
COFFEE 1.1,EN_NPi2020_1800,C5,C5: limit warming to 2.5°C (>50%)
COFFEE 1.1,EN_NPi2020_1800f,C5,C5: limit warming to 2.5°C (>50%)
COFFEE 1.1,EN_NPi2020_2000,C5,C5: limit warming to 2.5°C (>50%)
COFFEE 1.1,EN_NPi2020_2000f,C5,C5: limit warming to 2.5°C (>50%)
COFFEE 1.1,EN_NPi2020_2500,C6,C6: limit warming to 3°C (>50%)
COFFEE 1.1,EN_NPi2020_2500f,C6,C6: limit warming to 3°C (>50%)
COFFEE 1.1,EN_NPi2020_400,C1,C1: limit warming to 1.5°C (>50%) with no or limited overshoot
COFFEE 1.1,EN_NPi2020_400_lowBECCS,C3,C3: limit warming to 2°C (>67%)
COFFEE 1.1,EN_NPi2020_400f,C2,C2: return warming to 1.5°C (>50%) after a high overshoot
COFFEE 1.1,EN_NPi2020_400f_lowBECCS,C3,C3: limit warming to 2°C (>67%)
COFFEE 1.1,EN_NPi2020_500,C3,C3: limit warming to 2°C (>67%)
COFFEE 1.1,EN_NPi2020_500f,C2,C2: return warming to 1.5°C (>50%) after a high overshoot
COFFEE 1.1,EN_NPi2020_600,C3,C3: limit warming to 2°C (>67%)
COFFEE 1.1,EN_NPi2020_600_COV,failed-vetting,failed-vetting
COFFEE 1.1,EN_NPi2020_600f,C4,C4: limit warming to 2°C (>50%)
COFFEE 1.1,EN_NPi2020_600f_COV,failed-vetting,failed-vetting
COFFEE 1.1,EN_NPi2020_700,C3,C3: limit warming to 2°C (>67%)
COFFEE 1.1,EN_NPi2020_700f,C4,C4: limit warming to 2°C (>50%)
COFFEE 1.1,EN_NPi2020_800,C3,C3: limit warming to 2°C (>67%)
COFFEE 1.1,EN_NPi2020_800f,C4,C4: limit warming to 2°C (>50%)
COFFEE 1.1,EN_NPi2020_900,C3,C3: limit warming to 2°C (>67%)
COFFEE 1.1,EN_NPi2020_900f,C4,C4: limit warming to 2°C (>50%)
COFFEE 1.1,EN_NPi2100,C6,C6: limit warming to 3°C (>50%)
COFFEE 1.1,EN_NPi2100_COV,failed-vetting,failed-vetting
COPPE-COFFEE 1.0,CD-LINKS_INDC2030i_1600,failed-vetting,failed-vetting
COPPE-COFFEE 1.0,CD-LINKS_INDCi,failed-vetting,failed-vetting
COPPE-COFFEE 1.0,CD-LINKS_NDC2030i_1000,failed-vetting,failed-vetting
COPPE-COFFEE 1.0,CD-LINKS_NPi,failed-vetting,failed-vetting
COPPE-COFFEE 1.0,CD-LINKS_NPi2020_1000,failed-vetting,failed-vetting
COPPE-COFFEE 1.0,CD-LINKS_NPi2020_1600,failed-vetting,failed-vetting
COPPE-COFFEE 1.0,CD-LINKS_NPi2020_400,failed-vetting,failed-vetting
DART 1.0,BAU_IEO,no-climate-assessment,no-climate-assessment
DART 1.0,BAU_WEO,no-climate-assessment,no-climate-assessment
DART 1.0,IEO_NDC2C_ASIA,failed-vetting,failed-vetting
DART 1.0,IEO_NDC2C_EUR_CHN,failed-vetting,failed-vetting
DART 1.0,IEO_NDC2C_GLOBAL,failed-vetting,failed-vetting
DART 1.0,IEO_NDC2C_PARTIAL,failed-vetting,failed-vetting
DART 1.0,IEO_NDC2C_REF,failed-vetting,failed-vetting
DART 1.0,IEO_NDC_ASIA,failed-vetting,failed-vetting
DART 1.0,IEO_NDC_EUR_CHN,failed-vetting,failed-vetting
DART 1.0,IEO_NDC_GLOBAL,failed-vetting,failed-vetting
DART 1.0,IEO_NDC_PARTIAL,failed-vetting,failed-vetting
DART 1.0,IEO_NDC_REF,failed-vetting,failed-vetting
DART 1.0,IEO_NDCplus_ASIA,failed-vetting,failed-vetting
DART 1.0,IEO_NDCplus_EUR_CHN,failed-vetting,failed-vetting
DART 1.0,IEO_NDCplus_GLOBAL,failed-vetting,failed-vetting
DART 1.0,IEO_NDCplus_PARTIAL,failed-vetting,failed-vetting
DART 1.0,IEO_NDCplus_REF,failed-vetting,failed-vetting
DART 1.0,WEO_NDC2C_ASIA,no-climate-assessment,no-climate-assessment
DART 1.0,WEO_NDC2C_EUR_CHN,no-climate-assessment,no-climate-assessment
DART 1.0,WEO_NDC2C_GLOBAL,no-climate-assessment,no-climate-assessment
DART 1.0,WEO_NDC2C_PARTIAL,no-climate-assessment,no-climate-assessment
DART 1.0,WEO_NDC2C_REF,no-climate-assessment,no-climate-assessment
DART 1.0,WEO_NDC_ASIA,no-climate-assessment,no-climate-assessment
DART 1.0,WEO_NDC_EUR_CHN,no-climate-assessment,no-climate-assessment
DART 1.0,WEO_NDC_GLOBAL,no-climate-assessment,no-climate-assessment
DART 1.0,WEO_NDC_PARTIAL,no-climate-assessment,no-climate-assessment
DART 1.0,WEO_NDC_REF,no-climate-assessment,no-climate-assessment
DART 1.0,WEO_NDCplus_ASIA,no-climate-assessment,no-climate-assessment
DART 1.0,WEO_NDCplus_EUR_CHN,no-climate-assessment,no-climate-assessment
DART 1.0,WEO_NDCplus_GLOBAL,no-climate-assessment,no-climate-assessment
DART 1.0,WEO_NDCplus_PARTIAL,no-climate-assessment,no-climate-assessment
DART 1.0,WEO_NDCplus_REF,no-climate-assessment,no-climate-assessment
DNE21+ V.14C,CD-LINKS_INDC2030i_1600,no-climate-assessment,no-climate-assessment
DNE21+ V.14C,CD-LINKS_INDCi,no-climate-assessment,no-climate-assessment
DNE21+ V.14C,CD-LINKS_NDC2030i_1000,no-climate-assessment,no-climate-assessment
DNE21+ V.14C,CD-LINKS_NPi,no-climate-assessment,no-climate-assessment
DNE21+ V.14C,CD-LINKS_NPi2020_1000,no-climate-assessment,no-climate-assessment
DNE21+ V.14C,CD-LINKS_NPi2020_1600,no-climate-assessment,no-climate-assessment
DNE21+ V.14C,CD-LINKS_NPi2020_400,no-climate-assessment,no-climate-assessment
DNE21+ V.14C,CD-LINKS_NoPolicy,failed-vetting,failed-vetting
DNE21+ V.14E1,EMF30_BCOC-EndU,failed-vetting,failed-vetting
DNE21+ V.14E1,EMF30_Baseline,failed-vetting,failed-vetting
DNE21+ V.14E1,EMF30_CH4-Only,failed-vetting,failed-vetting
DNE21+ V.14E1,EMF30_ClimPolicy,failed-vetting,failed-vetting
DNE21+ V.14E1,EMF30_ClimPolicy+SLCF,failed-vetting,failed-vetting
DNE21+ V.14E1,EMF30_D_BCOC-Red,failed-vetting,failed-vetting
DNE21+ V.14E1,EMF30_D_CH4-ClimPolicy,failed-vetting,failed-vetting
DNE21+ V.14E1,EMF30_D_CO2-Only,failed-vetting,failed-vetting
DNE21+ V.14E1,EMF30_D_Frozen-EF-EndU,failed-vetting,failed-vetting
DNE21+ V.14E1,EMF30_SLCF,failed-vetting,failed-vetting
DNE21+ V.14E1,EMF30_Slower-Action,failed-vetting,failed-vetting
DNE21+ V.14E1,EMF30_Slower-Action+SLCF,failed-vetting,failed-vetting
DNE21+ V.14E1,EMF30_Slower-to-faster,failed-vetting,failed-vetting
DNE21+ V.14E1,EMF30_Slower-to-faster+SLCF,failed-vetting,failed-vetting
DNE21+ V.14E1,EMF30_Slower-to-faster+SLCF+HFC,failed-vetting,failed-vetting
DNE21+ V.14E2,EMF33_1.5C_cost100,failed-vetting,failed-vetting
DNE21+ V.14E2,EMF33_1.5C_full,failed-vetting,failed-vetting
DNE21+ V.14E2,EMF33_1.5C_limbio,failed-vetting,failed-vetting
DNE21+ V.14E2,EMF33_1.5C_nofuel,failed-vetting,failed-vetting
DNE21+ V.14E2,EMF33_Baseline,failed-vetting,failed-vetting
DNE21+ V.14E2,EMF33_Med2C_cost100,failed-vetting,failed-vetting
DNE21+ V.14E2,EMF33_Med2C_full,failed-vetting,failed-vetting
DNE21+ V.14E2,EMF33_Med2C_limbio,failed-vetting,failed-vetting
DNE21+ V.14E2,EMF33_Med2C_nobeccs,failed-vetting,failed-vetting
DNE21+ V.14E2,EMF33_Med2C_nofuel,failed-vetting,failed-vetting
DNE21+ V.14E2,EMF33_Med2C_none,failed-vetting,failed-vetting
DNE21+ V.14E2,EMF33_WB2C_cost100,failed-vetting,failed-vetting
DNE21+ V.14E2,EMF33_WB2C_full,failed-vetting,failed-vetting
DNE21+ V.14E2,EMF33_WB2C_limbio,failed-vetting,failed-vetting
DNE21+ V.14E2,EMF33_WB2C_nobeccs,failed-vetting,failed-vetting
DNE21+ V.14E2,EMF33_WB2C_nofuel,failed-vetting,failed-vetting
DNE21+ V.14E2,EMF33_WB2C_none,failed-vetting,failed-vetting
DNE21+ V.14E2,EMF33_tax_hi_full,failed-vetting,failed-vetting
DNE21+ V.14E2,EMF33_tax_hi_none,failed-vetting,failed-vetting
DNE21+ V.14E2,EMF33_tax_lo_full,failed-vetting,failed-vetting
DNE21+ V.14E2,EMF33_tax_lo_none,failed-vetting,failed-vetting
DNE21+ V.ADVANCE,ADVANCE_WP2_IND-450-FullTech,no-climate-assessment,no-climate-assessment
DNE21+ V.ADVANCE,ADVANCE_WP2_IND-Base-FullTech,no-climate-assessment,no-climate-assessment
DNE21+ V.ADVANCE,ADVANCE_WP2_TRA-450-FullTech,no-climate-assessment,no-climate-assessment
DNE21+ V.ADVANCE,ADVANCE_WP2_TRA-Base-FullTech,no-climate-assessment,no-climate-assessment
DNE21+ V.ADVANCE,ADVANCE_WP2_TRA-Ctax-FullTech,no-climate-assessment,no-climate-assessment
E3ME 6.1,1.5C,no-climate-assessment,no-climate-assessment
E3ME 6.1,1.5C OPEC sell-out,no-climate-assessment,no-climate-assessment
E3ME 6.1,2C,no-climate-assessment,no-climate-assessment
E3ME 6.1,2C OPEC sell-out,no-climate-assessment,no-climate-assessment
E3ME 6.1,Baseline,no-climate-assessment,no-climate-assessment
E3ME 6.1,PR_Baseline,no-climate-assessment,no-climate-assessment
E3ME 6.1,PR_CP_Intensity,no-climate-assessment,no-climate-assessment
E3ME 6.1,PR_CP_Price,no-climate-assessment,no-climate-assessment
E3ME 6.1,PR_NDC_Intensity,no-climate-assessment,no-climate-assessment
E3ME 6.1,PR_NDC_Price,no-climate-assessment,no-climate-assessment
EC-MSMR 1.0,BAU_IEO,no-climate-assessment,no-climate-assessment
EC-MSMR 1.0,BAU_WEO,no-climate-assessment,no-climate-assessment
EC-MSMR 1.0,IEO_NDC2C_ASIA,no-climate-assessment,no-climate-assessment
EC-MSMR 1.0,IEO_NDC2C_EUR_CHN,no-climate-assessment,no-climate-assessment
EC-MSMR 1.0,IEO_NDC2C_GLOBAL,no-climate-assessment,no-climate-assessment
EC-MSMR 1.0,IEO_NDC2C_PARTIAL,no-climate-assessment,no-climate-assessment
EC-MSMR 1.0,IEO_NDC2C_REF,no-climate-assessment,no-climate-assessment
EC-MSMR 1.0,IEO_NDC_ASIA,no-climate-assessment,no-climate-assessment
EC-MSMR 1.0,IEO_NDC_EUR_CHN,no-climate-assessment,no-climate-assessment
EC-MSMR 1.0,IEO_NDC_GLOBAL,no-climate-assessment,no-climate-assessment
EC-MSMR 1.0,IEO_NDC_PARTIAL,no-climate-assessment,no-climate-assessment
EC-MSMR 1.0,IEO_NDC_REF,no-climate-assessment,no-climate-assessment
EC-MSMR 1.0,IEO_NDCplus_ASIA,no-climate-assessment,no-climate-assessment
EC-MSMR 1.0,IEO_NDCplus_EUR_CHN,no-climate-assessment,no-climate-assessment
EC-MSMR 1.0,IEO_NDCplus_GLOBAL,no-climate-assessment,no-climate-assessment
EC-MSMR 1.0,IEO_NDCplus_PARTIAL,no-climate-assessment,no-climate-assessment
EC-MSMR 1.0,IEO_NDCplus_REF,no-climate-assessment,no-climate-assessment
EC-MSMR 1.0,WEO_NDC2C_ASIA,no-climate-assessment,no-climate-assessment
EC-MSMR 1.0,WEO_NDC2C_EUR_CHN,no-climate-assessment,no-climate-assessment
EC-MSMR 1.0,WEO_NDC2C_GLOBAL,no-climate-assessment,no-climate-assessment
EC-MSMR 1.0,WEO_NDC2C_PARTIAL,no-climate-assessment,no-climate-assessment
EC-MSMR 1.0,WEO_NDC2C_REF,no-climate-assessment,no-climate-assessment
EC-MSMR 1.0,WEO_NDC_ASIA,no-climate-assessment,no-climate-assessment
EC-MSMR 1.0,WEO_NDC_EUR_CHN,no-climate-assessment,no-climate-assessment
EC-MSMR 1.0,WEO_NDC_GLOBAL,no-climate-assessment,no-climate-assessment
EC-MSMR 1.0,WEO_NDC_PARTIAL,no-climate-assessment,no-climate-assessment
EC-MSMR 1.0,WEO_NDC_REF,no-climate-assessment,no-climate-assessment
EC-MSMR 1.0,WEO_NDCplus_ASIA,no-climate-assessment,no-climate-assessment
EC-MSMR 1.0,WEO_NDCplus_EUR_CHN,no-climate-assessment,no-climate-assessment
EC-MSMR 1.0,WEO_NDCplus_GLOBAL,no-climate-assessment,no-climate-assessment
EC-MSMR 1.0,WEO_NDCplus_PARTIAL,no-climate-assessment,no-climate-assessment
EC-MSMR 1.0,WEO_NDCplus_REF,no-climate-assessment,no-climate-assessment
EDF-GEPA 1.0,BAU_IEO,no-climate-assessment,no-climate-assessment
EDF-GEPA 1.0,BAU_WEO,no-climate-assessment,no-climate-assessment
EDF-GEPA 1.0,IEO_NDC2C_ASIA,no-climate-assessment,no-climate-assessment
EDF-GEPA 1.0,IEO_NDC2C_EUR_CHN,no-climate-assessment,no-climate-assessment
EDF-GEPA 1.0,IEO_NDC2C_GLOBAL,no-climate-assessment,no-climate-assessment
EDF-GEPA 1.0,IEO_NDC2C_PARTIAL,no-climate-assessment,no-climate-assessment
EDF-GEPA 1.0,IEO_NDC2C_REF,no-climate-assessment,no-climate-assessment
EDF-GEPA 1.0,IEO_NDC_ASIA,no-climate-assessment,no-climate-assessment
EDF-GEPA 1.0,IEO_NDC_EUR_CHN,no-climate-assessment,no-climate-assessment
EDF-GEPA 1.0,IEO_NDC_GLOBAL,no-climate-assessment,no-climate-assessment
EDF-GEPA 1.0,IEO_NDC_PARTIAL,no-climate-assessment,no-climate-assessment
EDF-GEPA 1.0,IEO_NDC_REF,no-climate-assessment,no-climate-assessment
EDF-GEPA 1.0,IEO_NDCplus_ASIA,no-climate-assessment,no-climate-assessment
EDF-GEPA 1.0,IEO_NDCplus_EUR_CHN,no-climate-assessment,no-climate-assessment
EDF-GEPA 1.0,IEO_NDCplus_GLOBAL,no-climate-assessment,no-climate-assessment
EDF-GEPA 1.0,IEO_NDCplus_PARTIAL,no-climate-assessment,no-climate-assessment
EDF-GEPA 1.0,IEO_NDCplus_REF,no-climate-assessment,no-climate-assessment
EDF-GEPA 1.0,WEO_NDC2C_ASIA,no-climate-assessment,no-climate-assessment
EDF-GEPA 1.0,WEO_NDC2C_EUR_CHN,no-climate-assessment,no-climate-assessment
EDF-GEPA 1.0,WEO_NDC2C_GLOBAL,no-climate-assessment,no-climate-assessment
EDF-GEPA 1.0,WEO_NDC2C_PARTIAL,no-climate-assessment,no-climate-assessment
EDF-GEPA 1.0,WEO_NDC2C_REF,no-climate-assessment,no-climate-assessment
EDF-GEPA 1.0,WEO_NDC_ASIA,no-climate-assessment,no-climate-assessment
EDF-GEPA 1.0,WEO_NDC_EUR_CHN,no-climate-assessment,no-climate-assessment
EDF-GEPA 1.0,WEO_NDC_GLOBAL,no-climate-assessment,no-climate-assessment
EDF-GEPA 1.0,WEO_NDC_PARTIAL,no-climate-assessment,no-climate-assessment
EDF-GEPA 1.0,WEO_NDC_REF,no-climate-assessment,no-climate-assessment
EDF-GEPA 1.0,WEO_NDCplus_ASIA,no-climate-assessment,no-climate-assessment
EDF-GEPA 1.0,WEO_NDCplus_EUR_CHN,no-climate-assessment,no-climate-assessment
EDF-GEPA 1.0,WEO_NDCplus_GLOBAL,no-climate-assessment,no-climate-assessment
EDF-GEPA 1.0,WEO_NDCplus_PARTIAL,no-climate-assessment,no-climate-assessment
EDF-GEPA 1.0,WEO_NDCplus_REF,no-climate-assessment,no-climate-assessment
EDGE-Buildings 1.0,SSP1,no-climate-assessment,no-climate-assessment
EDGE-Buildings 1.0,SSP2,no-climate-assessment,no-climate-assessment
EDGE-Buildings 1.0,SSP3,no-climate-assessment,no-climate-assessment
EDGE-Buildings 1.0,SSP4,no-climate-assessment,no-climate-assessment
EDGE-Buildings 1.0,SSP5,no-climate-assessment,no-climate-assessment
EDGE-Buildings 2.0,Practices-low,no-climate-assessment,no-climate-assessment
EDGE-Buildings 2.0,Practices-reference,no-climate-assessment,no-climate-assessment
EDGE-Buildings 2.0,Practices-verylow,no-climate-assessment,no-climate-assessment
EDGE-Buildings 3.0,SSP1,no-climate-assessment,no-climate-assessment
EDGE-Buildings 3.0,SSP2,no-climate-assessment,no-climate-assessment
EDGE-Buildings 3.0,SSP2_2020_0.3_All,no-climate-assessment,no-climate-assessment
EDGE-Buildings 3.0,SSP2_2020_0.3_NC,no-climate-assessment,no-climate-assessment
EDGE-Buildings 3.0,SSP2_2020_1.0_All,no-climate-assessment,no-climate-assessment
EDGE-Buildings 3.0,SSP2_2020_1.0_NC,no-climate-assessment,no-climate-assessment
EDGE-Buildings 3.0,SSP2_Ctax,no-climate-assessment,no-climate-assessment
EDGE-Buildings 3.0,SSP3,no-climate-assessment,no-climate-assessment
ENV-Linkages 3.0,EMF30_BCOC-EndU,no-climate-assessment,no-climate-assessment
ENV-Linkages 3.0,EMF30_Baseline,no-climate-assessment,no-climate-assessment
ENV-Linkages 3.0,EMF30_CH4-Only,failed-vetting,failed-vetting
ENV-Linkages 3.0,EMF30_ClimPolicy,failed-vetting,failed-vetting
ENV-Linkages 3.0,EMF30_ClimPolicy+SLCF,failed-vetting,failed-vetting
ENV-Linkages 3.0,EMF30_D_BCOC-Red,no-climate-assessment,no-climate-assessment
ENV-Linkages 3.0,EMF30_D_CH4-ClimPolicy,failed-vetting,failed-vetting
ENV-Linkages 3.0,EMF30_D_CO2-Only,failed-vetting,failed-vetting
ENV-Linkages 3.0,EMF30_D_Frozen-CH4,no-climate-assessment,no-climate-assessment
ENV-Linkages 3.0,EMF30_D_Frozen-EF,no-climate-assessment,no-climate-assessment
ENV-Linkages 3.0,EMF30_D_Frozen-EF-EndU,no-climate-assessment,no-climate-assessment
ENV-Linkages 3.0,EMF30_D_Frozen-EF-SLCF,no-climate-assessment,no-climate-assessment
ENV-Linkages 3.0,EMF30_SLCF,failed-vetting,failed-vetting
ENV-Linkages 3.0,EMF30_Slower-Action,failed-vetting,failed-vetting
ENV-Linkages 3.0,EMF30_Slower-Action+SLCF,failed-vetting,failed-vetting
ENVISAGE 10.01,BAU_IEO,no-climate-assessment,no-climate-assessment
ENVISAGE 10.01,BAU_WEO,no-climate-assessment,no-climate-assessment
ENVISAGE 10.01,IEO_NDC2C_ASIA,no-climate-assessment,no-climate-assessment
ENVISAGE 10.01,IEO_NDC2C_EUR_CHN,no-climate-assessment,no-climate-assessment
ENVISAGE 10.01,IEO_NDC2C_GLOBAL,no-climate-assessment,no-climate-assessment
ENVISAGE 10.01,IEO_NDC2C_PARTIAL,no-climate-assessment,no-climate-assessment
ENVISAGE 10.01,IEO_NDC2C_REF,no-climate-assessment,no-climate-assessment
ENVISAGE 10.01,IEO_NDC_ASIA,no-climate-assessment,no-climate-assessment
ENVISAGE 10.01,IEO_NDC_EUR_CHN,no-climate-assessment,no-climate-assessment
ENVISAGE 10.01,IEO_NDC_GLOBAL,no-climate-assessment,no-climate-assessment
ENVISAGE 10.01,IEO_NDC_PARTIAL,no-climate-assessment,no-climate-assessment
ENVISAGE 10.01,IEO_NDC_REF,no-climate-assessment,no-climate-assessment
ENVISAGE 10.01,IEO_NDCplus_ASIA,no-climate-assessment,no-climate-assessment
ENVISAGE 10.01,IEO_NDCplus_EUR_CHN,no-climate-assessment,no-climate-assessment
ENVISAGE 10.01,IEO_NDCplus_GLOBAL,no-climate-assessment,no-climate-assessment
ENVISAGE 10.01,IEO_NDCplus_PARTIAL,no-climate-assessment,no-climate-assessment
ENVISAGE 10.01,IEO_NDCplus_REF,no-climate-assessment,no-climate-assessment
ENVISAGE 10.01,WEO_NDC2C_ASIA,no-climate-assessment,no-climate-assessment
ENVISAGE 10.01,WEO_NDC2C_EUR_CHN,no-climate-assessment,no-climate-assessment
ENVISAGE 10.01,WEO_NDC2C_GLOBAL,no-climate-assessment,no-climate-assessment
ENVISAGE 10.01,WEO_NDC2C_PARTIAL,no-climate-assessment,no-climate-assessment
ENVISAGE 10.01,WEO_NDC2C_REF,no-climate-assessment,no-climate-assessment
ENVISAGE 10.01,WEO_NDC_ASIA,no-climate-assessment,no-climate-assessment
ENVISAGE 10.01,WEO_NDC_EUR_CHN,no-climate-assessment,no-climate-assessment
ENVISAGE 10.01,WEO_NDC_GLOBAL,no-climate-assessment,no-climate-assessment
ENVISAGE 10.01,WEO_NDC_PARTIAL,no-climate-assessment,no-climate-assessment
ENVISAGE 10.01,WEO_NDC_REF,no-climate-assessment,no-climate-assessment
ENVISAGE 10.01,WEO_NDCplus_ASIA,no-climate-assessment,no-climate-assessment
ENVISAGE 10.01,WEO_NDCplus_EUR_CHN,no-climate-assessment,no-climate-assessment
ENVISAGE 10.01,WEO_NDCplus_GLOBAL,no-climate-assessment,no-climate-assessment
ENVISAGE 10.01,WEO_NDCplus_PARTIAL,no-climate-assessment,no-climate-assessment
ENVISAGE 10.01,WEO_NDCplus_REF,no-climate-assessment,no-climate-assessment
EPPA 6,1.5CNow_Gradual,failed-vetting,failed-vetting
EPPA 6,1.5CNow_OptTax,failed-vetting,failed-vetting
EPPA 6,2CNow_Gradual,C4,C4: limit warming to 2°C (>50%)
EPPA 6,2CNow_OptTax,failed-vetting,failed-vetting
EPPA 6,Paris1.5C_OptTax,C3,C3: limit warming to 2°C (>67%)
EPPA 6,Paris2C_Gradual,C4,C4: limit warming to 2°C (>50%)
EPPA 6,Paris2C_OptTax,C4,C4: limit warming to 2°C (>50%)
EPPA 6,ParisFlat,C6,C6: limit warming to 3°C (>50%)
EPPA 6,ParisForever,C7,C7: limit warming to 4°C (>50%)
EPPA 6,Ref,C7,C7: limit warming to 4°C (>50%)
En-ROADS-96,Ratchet-1.5-allCDR,failed-vetting,failed-vetting
En-ROADS-96,Ratchet-1.5-limCDR,failed-vetting,failed-vetting
En-ROADS-96,Reference,failed-vetting,failed-vetting
FARM 3.2,EMF33_Baseline,failed-vetting,failed-vetting
FARM 3.2,EMF33_Med2C_full,failed-vetting,failed-vetting
FARM 3.2,EMF33_Med2C_nobeccs,failed-vetting,failed-vetting
FARM 3.2,EMF33_Med2C_nofuel,failed-vetting,failed-vetting
FARM 3.2,EMF33_Med2C_none,failed-vetting,failed-vetting
FARM 3.2,EMF33_WB2C_full,failed-vetting,failed-vetting
FARM 3.2,EMF33_WB2C_nobeccs,failed-vetting,failed-vetting
FARM 3.2,EMF33_WB2C_nofuel,failed-vetting,failed-vetting
FARM 3.2,EMF33_WB2C_none,failed-vetting,failed-vetting
FARM 3.2,EMF33_tax_hi_full,failed-vetting,failed-vetting
FARM 3.2,EMF33_tax_hi_none,failed-vetting,failed-vetting
FARM 3.2,EMF33_tax_lo_full,failed-vetting,failed-vetting
FARM 3.2,EMF33_tax_lo_none,failed-vetting,failed-vetting
GAINS-dw4,ECLIPSEv6b_CLE,no-climate-assessment,no-climate-assessment
GAINS-dw4,ECLIPSEv6b_MFR,no-climate-assessment,no-climate-assessment
GCAM 4.0,20% abatement (FF&I),no-climate-assessment,no-climate-assessment
GCAM 4.0,20% abatement (GHG),no-climate-assessment,no-climate-assessment
GCAM 4.0,450 concentration,no-climate-assessment,no-climate-assessment
GCAM 4.0,50% abatement (FF&I),no-climate-assessment,no-climate-assessment
GCAM 4.0,50% abatement (GHG),no-climate-assessment,no-climate-assessment
GCAM 4.0,550 concentration,no-climate-assessment,no-climate-assessment
GCAM 4.0,650 concentration,no-climate-assessment,no-climate-assessment
GCAM 4.0,Core baseline,no-climate-assessment,no-climate-assessment
GCAM 4.0,High CO2 price,failed-vetting,failed-vetting
GCAM 4.0,Low CO2 price,no-climate-assessment,no-climate-assessment
GCAM 4.0,Policy baseline,no-climate-assessment,no-climate-assessment
GCAM 4.2,ADVANCE_2020_1.5C-2100,failed-vetting,failed-vetting
GCAM 4.2,ADVANCE_2020_Med2C,failed-vetting,failed-vetting
GCAM 4.2,ADVANCE_2020_WB2C,failed-vetting,failed-vetting
GCAM 4.2,ADVANCE_2030_1.5C-2100,failed-vetting,failed-vetting
GCAM 4.2,ADVANCE_2030_Med2C,failed-vetting,failed-vetting
GCAM 4.2,ADVANCE_2030_Price1.5C,failed-vetting,failed-vetting
GCAM 4.2,ADVANCE_2030_WB2C,failed-vetting,failed-vetting
GCAM 4.2,ADVANCE_NoPolicy,failed-vetting,failed-vetting
GCAM 4.2,EMF30_BCOC-EndU,failed-vetting,failed-vetting
GCAM 4.2,EMF30_Baseline,failed-vetting,failed-vetting
GCAM 4.2,EMF30_CH4-Only,failed-vetting,failed-vetting
GCAM 4.2,EMF30_ClimPolicy,failed-vetting,failed-vetting
GCAM 4.2,EMF30_ClimPolicy+SLCF,failed-vetting,failed-vetting
GCAM 4.2,EMF30_D_CH4-ClimPolicy,failed-vetting,failed-vetting
GCAM 4.2,EMF30_D_CO2-Only,failed-vetting,failed-vetting
GCAM 4.2,EMF30_D_Frozen-CH4,failed-vetting,failed-vetting
GCAM 4.2,EMF30_D_Frozen-EF,failed-vetting,failed-vetting
GCAM 4.2,EMF30_D_Frozen-EF-EndU,failed-vetting,failed-vetting
GCAM 4.2,EMF30_D_Frozen-EF-SLCF,failed-vetting,failed-vetting
GCAM 4.2,EMF30_SLCF,failed-vetting,failed-vetting
GCAM 4.2,EMF33_Baseline,failed-vetting,failed-vetting
GCAM 4.2,EMF33_Med2C_cost100,failed-vetting,failed-vetting
GCAM 4.2,EMF33_Med2C_full,failed-vetting,failed-vetting
GCAM 4.2,EMF33_Med2C_limbio,failed-vetting,failed-vetting
GCAM 4.2,EMF33_Med2C_nobeccs,failed-vetting,failed-vetting
GCAM 4.2,EMF33_Med2C_nofuel,failed-vetting,failed-vetting
GCAM 4.2,EMF33_Med2C_none,failed-vetting,failed-vetting
GCAM 4.2,EMF33_WB2C_full,failed-vetting,failed-vetting
GCAM 4.2,EMF33_WB2C_limbio,failed-vetting,failed-vetting
GCAM 4.2,EMF33_WB2C_nobeccs,failed-vetting,failed-vetting
GCAM 4.2,EMF33_WB2C_nofuel,failed-vetting,failed-vetting
GCAM 4.2,EMF33_WB2C_none,failed-vetting,failed-vetting
GCAM 4.2,EMF33_tax_hi_full,failed-vetting,failed-vetting
GCAM 4.2,EMF33_tax_hi_none,failed-vetting,failed-vetting
GCAM 4.2,EMF33_tax_lo_full,failed-vetting,failed-vetting
GCAM 4.2,EMF33_tax_lo_none,failed-vetting,failed-vetting
GCAM 4.2,SSP1-19,C1,C1: limit warming to 1.5°C (>50%) with no or limited overshoot
GCAM 4.2,SSP1-26,no-climate-assessment,no-climate-assessment
GCAM 4.2,SSP1-34,no-climate-assessment,no-climate-assessment
GCAM 4.2,SSP1-45,no-climate-assessment,no-climate-assessment
GCAM 4.2,SSP1-Baseline,no-climate-assessment,no-climate-assessment
GCAM 4.2,SSP2-19,failed-vetting,failed-vetting
GCAM 4.2,SSP2-26,failed-vetting,failed-vetting
GCAM 4.2,SSP2-34,failed-vetting,failed-vetting
GCAM 4.2,SSP2-45,failed-vetting,failed-vetting
GCAM 4.2,SSP2-60,failed-vetting,failed-vetting
GCAM 4.2,SSP2-Baseline,no-climate-assessment,no-climate-assessment
GCAM 4.2,SSP3-Baseline,C8,C8: exceed warming of 4°C (>=50%)
GCAM 4.2,SSP4-26,failed-vetting,failed-vetting
GCAM 4.2,SSP4-34,failed-vetting,failed-vetting
GCAM 4.2,SSP4-45,failed-vetting,failed-vetting
GCAM 4.2,SSP4-60,failed-vetting,failed-vetting
GCAM 4.2,SSP4-Baseline,C7,C7: limit warming to 4°C (>50%)
GCAM 4.2,SSP5-19,failed-vetting,failed-vetting
GCAM 4.2,SSP5-26,failed-vetting,failed-vetting
GCAM 4.2,SSP5-34,failed-vetting,failed-vetting
GCAM 4.2,SSP5-45,failed-vetting,failed-vetting
GCAM 4.2,SSP5-60,no-climate-assessment,no-climate-assessment
GCAM 4.2,SSP5-Baseline,no-climate-assessment,no-climate-assessment
GCAM 5.2,"NGFS1_Current policies (Hot house world, Rep)",C7,C7: limit warming to 4°C (>50%)
GCAM 5.2,"NGFS1_Immediate 2C with CDR (Orderly, Rep)",C4,C4: limit warming to 2°C (>50%)
GCAM 5.3,NGFS2_Below 2°C,C3,C3: limit warming to 2°C (>67%)
GCAM 5.3,NGFS2_Current Policies,C7,C7: limit warming to 4°C (>50%)
GCAM 5.3,NGFS2_Delayed Transition,C4,C4: limit warming to 2°C (>50%)
GCAM 5.3,NGFS2_Divergent Net Zero Policies,C2,C2: return warming to 1.5°C (>50%) after a high overshoot
GCAM 5.3,NGFS2_Nationally Determined Contributions (NDCs),C5,C5: limit warming to 2.5°C (>50%)
GCAM 5.3,NGFS2_Net-Zero 2050,C2,C2: return warming to 1.5°C (>50%) after a high overshoot
GCAM 5.3,R_BAU,C7,C7: limit warming to 4°C (>50%)
GCAM 5.3,R_MAC_30_n0,C1,C1: limit warming to 1.5°C (>50%) with no or limited overshoot
GCAM 5.3,R_MAC_30_n8,failed-vetting,failed-vetting
GCAM 5.3,R_MAC_35_n0,C3,C3: limit warming to 2°C (>67%)
GCAM 5.3,R_MAC_35_n8,C1,C1: limit warming to 1.5°C (>50%) with no or limited overshoot
GCAM 5.3,R_MAC_40_n0,C3,C3: limit warming to 2°C (>67%)
GCAM 5.3,R_MAC_40_n8,C1,C1: limit warming to 1.5°C (>50%) with no or limited overshoot
GCAM 5.3,R_MAC_45_n0,C3,C3: limit warming to 2°C (>67%)
GCAM 5.3,R_MAC_45_n8,C1,C1: limit warming to 1.5°C (>50%) with no or limited overshoot
GCAM 5.3,R_MAC_50_n0,C3,C3: limit warming to 2°C (>67%)
GCAM 5.3,R_MAC_50_n8,C1,C1: limit warming to 1.5°C (>50%) with no or limited overshoot
GCAM 5.3,R_MAC_55_n0,C3,C3: limit warming to 2°C (>67%)
GCAM 5.3,R_MAC_55_n8,C2,C2: return warming to 1.5°C (>50%) after a high overshoot
GCAM 5.3,R_MAC_60_n0,C3,C3: limit warming to 2°C (>67%)
GCAM 5.3,R_MAC_60_n8,C2,C2: return warming to 1.5°C (>50%) after a high overshoot
GCAM 5.3,R_MAC_65_n0,C3,C3: limit warming to 2°C (>67%)
GCAM 5.3,R_MAC_65_n8,C3,C3: limit warming to 2°C (>67%)
GCAM 5.3,R_MAC_70_n0,C4,C4: limit warming to 2°C (>50%)
GCAM 5.3,R_MAC_70_n8,C3,C3: limit warming to 2°C (>67%)
GCAM 5.3,R_MAC_75_n0,C4,C4: limit warming to 2°C (>50%)
GCAM 5.3,R_MAC_75_n8,C3,C3: limit warming to 2°C (>67%)
GCAM 5.3,R_MAC_80_n0,C4,C4: limit warming to 2°C (>50%)
GCAM 5.3,R_MAC_80_n8,C4,C4: limit warming to 2°C (>50%)
GCAM 5.3,R_MAC_85_n0,C5,C5: limit warming to 2.5°C (>50%)
GCAM 5.3,R_MAC_85_n8,C4,C4: limit warming to 2°C (>50%)
GCAM 5.3,R_MAC_90_n0,C5,C5: limit warming to 2.5°C (>50%)
GCAM 5.3,R_MAC_90_n8,C4,C4: limit warming to 2°C (>50%)
GCAM 5.3,R_MAC_95_n0,C5,C5: limit warming to 2.5°C (>50%)
GCAM 5.3,R_MAC_95_n8,C4,C4: limit warming to 2°C (>50%)
GCAM 5.3,R_MAC_99_n0,C5,C5: limit warming to 2.5°C (>50%)
GCAM 5.3,R_MAC_99_n8,C5,C5: limit warming to 2.5°C (>50%)
GCAM 5.3,SSP1-DACCS-1p9-3pctHR,failed-vetting,failed-vetting
GCAM 5.3,SSP1-DACCS-2p6-3pctHR,failed-vetting,failed-vetting
GCAM 5.3,SSP1-highcostDACCS-2p6-3pctHR,failed-vetting,failed-vetting
GCAM 5.3,SSP1-lowcostDACCS-2p6-3pctHR,failed-vetting,failed-vetting
GCAM 5.3,SSP1-noDACCS-1p9-3pctHR,failed-vetting,failed-vetting
GCAM 5.3,SSP1-noDACCS-2p6-3pctHR,failed-vetting,failed-vetting
GCAM 5.3,SSP2-DACCS-2p6-3pctHR,failed-vetting,failed-vetting
GCAM 5.3,SSP2-noDACCS-2p6-3pctHR,failed-vetting,failed-vetting
GCAM 5.3,SSP4-DACCS-1p9-3pctHR,failed-vetting,failed-vetting
GCAM 5.3,SSP4-DACCS-2p6-3pctHR,failed-vetting,failed-vetting
GCAM 5.3,SSP4-highcostDACCS-2p6-3pctHR,failed-vetting,failed-vetting
GCAM 5.3,SSP4-medcostDACCS-2p6-3pctHR,failed-vetting,failed-vetting
GCAM 5.3,SSP4-noDACCS-1p9-3pctHR,failed-vetting,failed-vetting
GCAM 5.3,SSP4-noDACCS-2p6-3pctHR,failed-vetting,failed-vetting
GCAM 5.3,SSP5-DACCS-1p9-3pctHR,failed-vetting,failed-vetting
GCAM 5.3,SSP5-DACCS-2p6-3pctHR,failed-vetting,failed-vetting
GCAM 5.3,SSP5-noDACCS-2p6-3pctHR,failed-vetting,failed-vetting
GCAM 5.3,SSP_SSP1,no-climate-assessment,no-climate-assessment
GCAM 5.3,SSP_SSP2,C3,C3: limit warming to 2°C (>67%)
GCAM 5.3,SSP_SSP3,C2,C2: return warming to 1.5°C (>50%) after a high overshoot
GCAM 5.3,SSP_SSP4,C2,C2: return warming to 1.5°C (>50%) after a high overshoot
GCAM 5.3,SSP_SSP5,C3,C3: limit warming to 2°C (>67%)
GCAM-PR 5.3,CSH,no-climate-assessment,no-climate-assessment
GCAM-PR 5.3,PCSH,failed-vetting,failed-vetting
GCAM-PR 5.3,PR_CP_Intensity,failed-vetting,failed-vetting
GCAM-PR 5.3,PR_CP_Price,failed-vetting,failed-vetting
GCAM-PR 5.3,PR_CP_PriceOnly,C7,C7: limit warming to 4°C (>50%)
GCAM-PR 5.3,PR_NDC_Intensity,failed-vetting,failed-vetting
GCAM-PR 5.3,PR_NDC_Price,failed-vetting,failed-vetting
GCAM-PR 5.3,PR_NDC_PriceOnly,C6,C6: limit warming to 3°C (>50%)
GCAM-PR 5.3,PR_baseline,C7,C7: limit warming to 4°C (>50%)
GCAM-PR 5.3,R,no-climate-assessment,no-climate-assessment
GCAM-PR 5.3,SH,no-climate-assessment,no-climate-assessment
GCAM-PR 5.3,USComp+UpdPledges+RoWCond,no-climate-assessment,no-climate-assessment
GCAM-PR 5.3,USComp+UpdPledges+RoWRatchet,no-climate-assessment,no-climate-assessment
GCAM-PR 5.3,USCurM+RoWCond,no-climate-assessment,no-climate-assessment
GCAM-PR 5.3,USCurM+RoWUncond,no-climate-assessment,no-climate-assessment
GCAM-PR 5.3,USCurM+UpdPledges+RoWCond,no-climate-assessment,no-climate-assessment
GCAM-PR 5.3,USCurM2020+RoWCond,no-climate-assessment,no-climate-assessment
GCAM-PR 5.3,USCurM2020+RoWUncond,no-climate-assessment,no-climate-assessment
GCAM-PR 5.3,USCurM2020+UpdPledges+RoWCond,no-climate-assessment,no-climate-assessment
GCAM-PR 5.3,USEngage2020+UpdPledges+RoWCond,no-climate-assessment,no-climate-assessment
GCAM-PR 5.3,USEngage2020+UpdPledges+RoWRatchet,no-climate-assessment,no-climate-assessment
GCAM5.2_NET,GCAM_1.5C_high_os_high-cost-DAC,failed-vetting,failed-vetting
GCAM5.2_NET,GCAM_1.5C_high_os_low-cost-DAC,failed-vetting,failed-vetting
GCAM5.2_NET,GCAM_1.5C_low_os_high-cost-DAC,failed-vetting,failed-vetting
GCAM5.2_NET,GCAM_1.5C_low_os_low-cost-DAC,failed-vetting,failed-vetting
GCAM5.2_NET,GCAM_1.5C_low_os_noDAC,failed-vetting,failed-vetting
GEM-E3 V1,CD-LINKS_INDCi,failed-vetting,failed-vetting
GEM-E3 V1,CD-LINKS_INDCi_recGenTaxation,no-climate-assessment,no-climate-assessment
GEM-E3 V1,CD-LINKS_INDCi_recSocialSecurity,no-climate-assessment,no-climate-assessment
GEM-E3 V1,CD-LINKS_NPi,failed-vetting,failed-vetting
GEM-E3 V1,CD-LINKS_NPi2020_1000,failed-vetting,failed-vetting
GEM-E3 V1,CD-LINKS_NPi2020_1000_recGenTaxation,no-climate-assessment,no-climate-assessment
GEM-E3 V1,CD-LINKS_NPi2020_1000_recSocialSecurity,no-climate-assessment,no-climate-assessment
GEM-E3 V1,CD-LINKS_NPi2020_1600,failed-vetting,failed-vetting
GEM-E3 V1,CD-LINKS_NPi2020_400,failed-vetting,failed-vetting
GEM-E3 V1,CD-LINKS_NPi2020_400_recGenTaxation,failed-vetting,failed-vetting
GEM-E3 V1,CD-LINKS_NPi2020_400_recSocialSecurity,failed-vetting,failed-vetting
GEM-E3_V2021,EN_INDCi2030_1000,C3,C3: limit warming to 2°C (>67%)
GEM-E3_V2021,EN_INDCi2030_1000_COV,C3,C3: limit warming to 2°C (>67%)
GEM-E3_V2021,EN_INDCi2030_1000_COV_NDCp,C3,C3: limit warming to 2°C (>67%)
GEM-E3_V2021,EN_INDCi2030_1000_NDCp,C3,C3: limit warming to 2°C (>67%)
GEM-E3_V2021,EN_INDCi2030_1000f,C4,C4: limit warming to 2°C (>50%)
GEM-E3_V2021,EN_INDCi2030_1000f_COV,C3,C3: limit warming to 2°C (>67%)
GEM-E3_V2021,EN_INDCi2030_1000f_COV_NDCp,C3,C3: limit warming to 2°C (>67%)
GEM-E3_V2021,EN_INDCi2030_1000f_NDCp,C4,C4: limit warming to 2°C (>50%)
GEM-E3_V2021,EN_INDCi2030_1400,C4,C4: limit warming to 2°C (>50%)
GEM-E3_V2021,EN_INDCi2030_1400f,C4,C4: limit warming to 2°C (>50%)
GEM-E3_V2021,EN_INDCi2030_1800,C5,C5: limit warming to 2.5°C (>50%)
GEM-E3_V2021,EN_INDCi2030_1800f,C5,C5: limit warming to 2.5°C (>50%)
GEM-E3_V2021,EN_INDCi2030_600f,C2,C2: return warming to 1.5°C (>50%) after a high overshoot
GEM-E3_V2021,EN_INDCi2030_600f_COV,C2,C2: return warming to 1.5°C (>50%) after a high overshoot
GEM-E3_V2021,EN_INDCi2030_600f_COV_NDCp,C2,C2: return warming to 1.5°C (>50%) after a high overshoot
GEM-E3_V2021,EN_INDCi2030_600f_NDCp,C2,C2: return warming to 1.5°C (>50%) after a high overshoot
GEM-E3_V2021,EN_INDCi2030_800,C3,C3: limit warming to 2°C (>67%)
GEM-E3_V2021,EN_INDCi2030_800f,C2,C2: return warming to 1.5°C (>50%) after a high overshoot
GEM-E3_V2021,EN_INDCi2100,C7,C7: limit warming to 4°C (>50%)
GEM-E3_V2021,EN_INDCi2100_COV,C6,C6: limit warming to 3°C (>50%)
GEM-E3_V2021,EN_INDCi2100_COV_NDCp,C6,C6: limit warming to 3°C (>50%)
GEM-E3_V2021,EN_INDCi2100_NDCp,C6,C6: limit warming to 3°C (>50%)
GEM-E3_V2021,EN_NPi2020_1000,C3,C3: limit warming to 2°C (>67%)
GEM-E3_V2021,EN_NPi2020_1000_COV,C3,C3: limit warming to 2°C (>67%)
GEM-E3_V2021,EN_NPi2020_1000f,C4,C4: limit warming to 2°C (>50%)
GEM-E3_V2021,EN_NPi2020_1000f_COV,C3,C3: limit warming to 2°C (>67%)
GEM-E3_V2021,EN_NPi2020_1400,C5,C5: limit warming to 2.5°C (>50%)
GEM-E3_V2021,EN_NPi2020_1400f,C4,C4: limit warming to 2°C (>50%)
GEM-E3_V2021,EN_NPi2020_1800,C5,C5: limit warming to 2.5°C (>50%)
GEM-E3_V2021,EN_NPi2020_1800f,C5,C5: limit warming to 2.5°C (>50%)
GEM-E3_V2021,EN_NPi2020_400f,C2,C2: return warming to 1.5°C (>50%) after a high overshoot
GEM-E3_V2021,EN_NPi2020_500,C1,C1: limit warming to 1.5°C (>50%) with no or limited overshoot
GEM-E3_V2021,EN_NPi2020_500f,C2,C2: return warming to 1.5°C (>50%) after a high overshoot
GEM-E3_V2021,EN_NPi2020_600,C2,C2: return warming to 1.5°C (>50%) after a high overshoot
GEM-E3_V2021,EN_NPi2020_600_COV,C1,C1: limit warming to 1.5°C (>50%) with no or limited overshoot
GEM-E3_V2021,EN_NPi2020_600f,C2,C2: return warming to 1.5°C (>50%) after a high overshoot
GEM-E3_V2021,EN_NPi2020_600f_COV,C2,C2: return warming to 1.5°C (>50%) after a high overshoot
GEM-E3_V2021,EN_NPi2020_800,C3,C3: limit warming to 2°C (>67%)
GEM-E3_V2021,EN_NPi2020_800f,C3,C3: limit warming to 2°C (>67%)
GEM-E3_V2021,EN_NPi2100,C7,C7: limit warming to 4°C (>50%)
GEM-E3_V2021,EN_NPi2100_COV,C7,C7: limit warming to 4°C (>50%)
GEMINI-E3 7.0,PR_Baseline,no-climate-assessment,no-climate-assessment
GEMINI-E3 7.0,PR_CP_Intensity,no-climate-assessment,no-climate-assessment
GEMINI-E3 7.0,PR_CP_Price,no-climate-assessment,no-climate-assessment
GEMINI-E3 7.0,PR_CP_PriceOnly,no-climate-assessment,no-climate-assessment
GEMINI-E3 7.0,PR_NDC_Intensity,no-climate-assessment,no-climate-assessment
GEMINI-E3 7.0,PR_NDC_Price,no-climate-assessment,no-climate-assessment
GENeSYS-MOD 1.0,1,no-climate-assessment,no-climate-assessment
GMM-17,Hard_Rock,no-climate-assessment,no-climate-assessment
GMM-17,Modern_Jazz,no-climate-assessment,no-climate-assessment
GMM-17,Symphony_1.5C,no-climate-assessment,no-climate-assessment
GMM-17,Unfinished_Symphony,no-climate-assessment,no-climate-assessment
GRAPE-15 1.0,EMF33_1.5C_cost100,failed-vetting,failed-vetting
GRAPE-15 1.0,EMF33_1.5C_full,failed-vetting,failed-vetting
GRAPE-15 1.0,EMF33_1.5C_nofuel,failed-vetting,failed-vetting
GRAPE-15 1.0,EMF33_Baseline,failed-vetting,failed-vetting
GRAPE-15 1.0,EMF33_Med2C_cost100,failed-vetting,failed-vetting
GRAPE-15 1.0,EMF33_Med2C_full,failed-vetting,failed-vetting
GRAPE-15 1.0,EMF33_Med2C_limbio,failed-vetting,failed-vetting
GRAPE-15 1.0,EMF33_Med2C_nobeccs,failed-vetting,failed-vetting
GRAPE-15 1.0,EMF33_Med2C_nofuel,failed-vetting,failed-vetting
GRAPE-15 1.0,EMF33_Med2C_none,failed-vetting,failed-vetting
GRAPE-15 1.0,EMF33_WB2C_cost100,failed-vetting,failed-vetting
GRAPE-15 1.0,EMF33_WB2C_full,failed-vetting,failed-vetting
GRAPE-15 1.0,EMF33_WB2C_limbio,failed-vetting,failed-vetting
GRAPE-15 1.0,EMF33_WB2C_nofuel,failed-vetting,failed-vetting
GRAPE-15 1.0,EMF33_tax_hi_full,failed-vetting,failed-vetting
GRAPE-15 1.0,EMF33_tax_hi_none,failed-vetting,failed-vetting
GRAPE-15 1.0,EMF33_tax_lo_full,failed-vetting,failed-vetting
GRAPE-15 1.0,EMF33_tax_lo_none,failed-vetting,failed-vetting
Global TIMES 2.0,SSP1RCP2.6,failed-vetting,failed-vetting
Global TIMES 2.0,SSP1REF,failed-vetting,failed-vetting
Global TIMES 2.0,SSP2RCP2.6,failed-vetting,failed-vetting
Global TIMES 2.0,SSP2RCP4.5,failed-vetting,failed-vetting
Global TIMES 2.0,SSP2REF,failed-vetting,failed-vetting
Global TIMES 2.0,SSP3RCP2.6,failed-vetting,failed-vetting
Global TIMES 2.0,SSP3RCP4.5,failed-vetting,failed-vetting
Global TIMES 2.0,SSP3REF,failed-vetting,failed-vetting
Global TIMES 2.0,SSP4RCP2.6,failed-vetting,failed-vetting
Global TIMES 2.0,SSP4RCP4.5,failed-vetting,failed-vetting
Global TIMES 2.0,SSP4REF,failed-vetting,failed-vetting
Global TIMES 2.0,SSP5RCP2.6,failed-vetting,failed-vetting
Global TIMES 2.0,SSP5RCP4.5,failed-vetting,failed-vetting
Global TIMES 2.0,SSP5REF,failed-vetting,failed-vetting
Global Transportation Roadmap 2019.05,ICE Policy Potential,no-climate-assessment,no-climate-assessment
Global Transportation Roadmap 2019.05,ICE+EV Policy Potential (AGIS),no-climate-assessment,no-climate-assessment
Global Transportation Roadmap 2019.05,ICE+EV Policy Potential (MGIS),no-climate-assessment,no-climate-assessment
Global Transportation Roadmap 2019.05,With Currently Adopted Policies,no-climate-assessment,no-climate-assessment
HEB 2.0,Deep,no-climate-assessment,no-climate-assessment
HEB 2.0,Moderate,no-climate-assessment,no-climate-assessment
ICES-EMF 1.0,BAU_IEO,no-climate-assessment,no-climate-assessment
ICES-EMF 1.0,BAU_WEO,no-climate-assessment,no-climate-assessment
ICES-EMF 1.0,IEO_NDC2C_ASIA,no-climate-assessment,no-climate-assessment
ICES-EMF 1.0,IEO_NDC2C_EUR_CHN,no-climate-assessment,no-climate-assessment
ICES-EMF 1.0,IEO_NDC2C_GLOBAL,no-climate-assessment,no-climate-assessment
ICES-EMF 1.0,IEO_NDC2C_PARTIAL,no-climate-assessment,no-climate-assessment
ICES-EMF 1.0,IEO_NDC2C_REF,no-climate-assessment,no-climate-assessment
ICES-EMF 1.0,IEO_NDC_ASIA,no-climate-assessment,no-climate-assessment
ICES-EMF 1.0,IEO_NDC_EUR_CHN,no-climate-assessment,no-climate-assessment
ICES-EMF 1.0,IEO_NDC_GLOBAL,no-climate-assessment,no-climate-assessment
ICES-EMF 1.0,IEO_NDC_PARTIAL,no-climate-assessment,no-climate-assessment
ICES-EMF 1.0,IEO_NDC_REF,no-climate-assessment,no-climate-assessment
ICES-EMF 1.0,IEO_NDCplus_ASIA,no-climate-assessment,no-climate-assessment
ICES-EMF 1.0,IEO_NDCplus_EUR_CHN,no-climate-assessment,no-climate-assessment
ICES-EMF 1.0,IEO_NDCplus_GLOBAL,no-climate-assessment,no-climate-assessment
ICES-EMF 1.0,IEO_NDCplus_PARTIAL,no-climate-assessment,no-climate-assessment
ICES-EMF 1.0,IEO_NDCplus_REF,no-climate-assessment,no-climate-assessment
ICES-EMF 1.0,WEO_NDC2C_ASIA,no-climate-assessment,no-climate-assessment
ICES-EMF 1.0,WEO_NDC2C_EUR_CHN,no-climate-assessment,no-climate-assessment
ICES-EMF 1.0,WEO_NDC2C_GLOBAL,no-climate-assessment,no-climate-assessment
ICES-EMF 1.0,WEO_NDC2C_PARTIAL,no-climate-assessment,no-climate-assessment
ICES-EMF 1.0,WEO_NDC2C_REF,no-climate-assessment,no-climate-assessment
ICES-EMF 1.0,WEO_NDC_ASIA,no-climate-assessment,no-climate-assessment
ICES-EMF 1.0,WEO_NDC_EUR_CHN,no-climate-assessment,no-climate-assessment
ICES-EMF 1.0,WEO_NDC_GLOBAL,no-climate-assessment,no-climate-assessment
ICES-EMF 1.0,WEO_NDC_PARTIAL,no-climate-assessment,no-climate-assessment
ICES-EMF 1.0,WEO_NDC_REF,no-climate-assessment,no-climate-assessment
ICES-EMF 1.0,WEO_NDCplus_ASIA,no-climate-assessment,no-climate-assessment
ICES-EMF 1.0,WEO_NDCplus_EUR_CHN,no-climate-assessment,no-climate-assessment
ICES-EMF 1.0,WEO_NDCplus_GLOBAL,no-climate-assessment,no-climate-assessment
ICES-EMF 1.0,WEO_NDCplus_PARTIAL,no-climate-assessment,no-climate-assessment
ICES-EMF 1.0,WEO_NDCplus_REF,no-climate-assessment,no-climate-assessment
ICES-XPS 1.0,CSH,failed-vetting,failed-vetting
ICES-XPS 1.0,PCSH,failed-vetting,failed-vetting
ICES-XPS 1.0,PR_Baseline,failed-vetting,failed-vetting
ICES-XPS 1.0,PR_CP_Intensity,failed-vetting,failed-vetting
ICES-XPS 1.0,PR_CP_Price,failed-vetting,failed-vetting
ICES-XPS 1.0,PR_CP_PriceOnly,failed-vetting,failed-vetting
ICES-XPS 1.0,PR_NDC_Intensity,failed-vetting,failed-vetting
ICES-XPS 1.0,PR_NDC_Price,failed-vetting,failed-vetting
ICES-XPS 1.0,PR_NDC_PriceOnly,failed-vetting,failed-vetting
ICES-XPS 1.0,R,failed-vetting,failed-vetting
ICES-XPS 1.0,SH,failed-vetting,failed-vetting
IEA Energy Technology Perspectives Model 2020,B2DS,no-climate-assessment,no-climate-assessment
IIASAPOP 2.0,SSP1,failed-vetting,failed-vetting
IIASAPOP 2.0,SSP2,failed-vetting,failed-vetting
IIASAPOP 2.0,SSP3,failed-vetting,failed-vetting
IIASAPOP 2.0,SSP4,failed-vetting,failed-vetting
IIASAPOP 2.0,SSP5,failed-vetting,failed-vetting
IMACLIM 1.1,ADVANCE_2020_1.5C-2100_WP6,no-climate-assessment,no-climate-assessment
IMACLIM 1.1,ADVANCE_2020_Med2C_WP6,failed-vetting,failed-vetting
IMACLIM 1.1,ADVANCE_2020_WB2C_WP6,no-climate-assessment,no-climate-assessment
IMACLIM 1.1,ADVANCE_2030_Med2C_WP6,failed-vetting,failed-vetting
IMACLIM 1.1,ADVANCE_2030_Price1.5C_WP6,failed-vetting,failed-vetting
IMACLIM 1.1,ADVANCE_2030_WB2C_WP6,failed-vetting,failed-vetting
IMACLIM 1.1,ADVANCE_INDC_WP6,failed-vetting,failed-vetting
IMACLIM 1.1,ADVANCE_NoPolicy_WP6,no-climate-assessment,no-climate-assessment
IMACLIM 1.1,ADVANCE_Reference_WP6,failed-vetting,failed-vetting
IMACLIM 1.1,SSP1_NoPolicy_TranspBase,no-climate-assessment,no-climate-assessment
IMACLIM 1.1,SSP1_NoPolicy_TranspOpt,no-climate-assessment,no-climate-assessment
IMACLIM 1.1,SSP1_RCP34_TranspBase,failed-vetting,failed-vetting
IMACLIM 1.1,SSP1_RCP34_TranspOpt,failed-vetting,failed-vetting
IMACLIM 1.1,SSP1_RCP45_TranspBase,failed-vetting,failed-vetting
IMACLIM 1.1,SSP1_RCP45_TranspOpt,failed-vetting,failed-vetting
IMACLIM 1.1,SSP3_NoPolicy_TranspBase,no-climate-assessment,no-climate-assessment
IMACLIM 1.1,SSP3_NoPolicy_TranspOpt,no-climate-assessment,no-climate-assessment
IMACLIM 1.1,SSP3_NoPolicy_Transp_111,no-climate-assessment,no-climate-assessment
IMACLIM 1.1,SSP3_NoPolicy_Transp_112,no-climate-assessment,no-climate-assessment
IMACLIM 1.1,SSP3_NoPolicy_Transp_121,no-climate-assessment,no-climate-assessment
IMACLIM 1.1,SSP3_NoPolicy_Transp_211,no-climate-assessment,no-climate-assessment
IMACLIM 1.1,SSP3_NoPolicy_Transp_222,no-climate-assessment,no-climate-assessment
IMACLIM 1.1,SSP3_RCP26_Transp_111,no-climate-assessment,no-climate-assessment
IMACLIM 1.1,SSP3_RCP26_Transp_112,no-climate-assessment,no-climate-assessment
IMACLIM 1.1,SSP3_RCP26_Transp_121,no-climate-assessment,no-climate-assessment
IMACLIM 1.1,SSP3_RCP26_Transp_211,no-climate-assessment,no-climate-assessment
IMACLIM 1.1,SSP3_RCP26_Transp_222,no-climate-assessment,no-climate-assessment
IMACLIM 1.1,SSP3_RCP34_TranspBase,failed-vetting,failed-vetting
IMACLIM 1.1,SSP3_RCP34_TranspOpt,failed-vetting,failed-vetting
IMACLIM 1.1,SSP3_RCP34_Transp_111,no-climate-assessment,no-climate-assessment
IMACLIM 1.1,SSP3_RCP34_Transp_112,no-climate-assessment,no-climate-assessment
IMACLIM 1.1,SSP3_RCP34_Transp_121,no-climate-assessment,no-climate-assessment
IMACLIM 1.1,SSP3_RCP34_Transp_211,no-climate-assessment,no-climate-assessment
IMACLIM 1.1,SSP3_RCP34_Transp_222,no-climate-assessment,no-climate-assessment
IMACLIM 1.1,SSP3_RCP45_TranspBase,failed-vetting,failed-vetting
IMACLIM 1.1,SSP3_RCP45_TranspOpt,failed-vetting,failed-vetting
IMACLIM 1.1,SSP3_RCP45_Transp_111,no-climate-assessment,no-climate-assessment
IMACLIM 1.1,SSP3_RCP45_Transp_112,no-climate-assessment,no-climate-assessment
IMACLIM 1.1,SSP3_RCP45_Transp_121,no-climate-assessment,no-climate-assessment
IMACLIM 1.1,SSP3_RCP45_Transp_211,no-climate-assessment,no-climate-assessment
IMACLIM 1.1,SSP3_RCP45_Transp_222,no-climate-assessment,no-climate-assessment
IMACLIM 1.1,base_DemandHigh_FossilHigh_TechHigh,failed-vetting,failed-vetting
IMACLIM 1.1,base_DemandHigh_FossilLow_TechHigh,failed-vetting,failed-vetting
IMACLIM 1.1,base_DemandHigh_FossilLow_TechLow,no-climate-assessment,no-climate-assessment
IMACLIM 1.1,base_DemandLow_FossilHigh_TechHigh,failed-vetting,failed-vetting
IMACLIM 1.1,base_DemandLow_FossilHigh_TechLow,no-climate-assessment,no-climate-assessment
IMACLIM 1.1,base_DemandLow_FossilLow_TechHigh,failed-vetting,failed-vetting
IMACLIM 1.1,base_DemandLow_FossilLow_TechLow,no-climate-assessment,no-climate-assessment
IMACLIM 1.1,peak2016_DemandHigh_FossilHigh_TechHigh,failed-vetting,failed-vetting
IMACLIM 1.1,peak2016_DemandHigh_FossilLow_TechHigh,failed-vetting,failed-vetting
IMACLIM 1.1,peak2016_DemandHigh_FossilLow_TechLow,failed-vetting,failed-vetting
IMACLIM 1.1,peak2016_DemandLow_FossilHigh_TechHigh,failed-vetting,failed-vetting
IMACLIM 1.1,peak2016_DemandLow_FossilHigh_TechLow,failed-vetting,failed-vetting
IMACLIM 1.1,peak2016_DemandLow_FossilLow_TechHigh,failed-vetting,failed-vetting
IMACLIM 1.1,peak2016_DemandLow_FossilLow_TechLow,failed-vetting,failed-vetting
IMACLIM 1.1,peak2020_DemandHigh_FossilHigh_TechHigh,failed-vetting,failed-vetting
IMACLIM 1.1,peak2020_DemandHigh_FossilLow_TechHigh,failed-vetting,failed-vetting
IMACLIM 1.1,peak2020_DemandHigh_FossilLow_TechLow,failed-vetting,failed-vetting
IMACLIM 1.1,peak2020_DemandLow_FossilHigh_TechHigh,failed-vetting,failed-vetting
IMACLIM 1.1,peak2020_DemandLow_FossilHigh_TechLow,failed-vetting,failed-vetting
IMACLIM 1.1,peak2020_DemandLow_FossilLow_TechHigh,failed-vetting,failed-vetting
IMACLIM 1.1,peak2020_DemandLow_FossilLow_TechLow,failed-vetting,failed-vetting
IMACLIM 1.1,peak2025_DemandHigh_FossilHigh_TechHigh,failed-vetting,failed-vetting
IMACLIM 1.1,peak2025_DemandHigh_FossilLow_TechHigh,failed-vetting,failed-vetting
IMACLIM 1.1,peak2025_DemandHigh_FossilLow_TechLow,failed-vetting,failed-vetting
IMACLIM 1.1,peak2025_DemandLow_FossilHigh_TechHigh,failed-vetting,failed-vetting
IMACLIM 1.1,peak2025_DemandLow_FossilHigh_TechLow,failed-vetting,failed-vetting
IMACLIM 1.1,peak2025_DemandLow_FossilLow_TechHigh,failed-vetting,failed-vetting
IMACLIM-NLU 1.0,EMF33_Baseline,no-climate-assessment,no-climate-assessment
IMACLIM-NLU 1.0,EMF33_tax_hi_none,failed-vetting,failed-vetting
IMACLIM-NLU 1.0,EMF33_tax_lo_none,failed-vetting,failed-vetting
IMAGE 3.0,ADVANCE_WP2_IND-450-FullTech,no-climate-assessment,no-climate-assessment
IMAGE 3.0,ADVANCE_WP2_IND-Base-FullTech,no-climate-assessment,no-climate-assessment
IMAGE 3.0,ADVANCE_WP2_TRA-450-FullTech,no-climate-assessment,no-climate-assessment
IMAGE 3.0,ADVANCE_WP2_TRA-Base-FullTech,no-climate-assessment,no-climate-assessment
IMAGE 3.0,ADVANCE_WP2_TRA-Ctax-FullTech,no-climate-assessment,no-climate-assessment
IMAGE 3.0,CO_2Deg2020,C3,C3: limit warming to 2°C (>67%)
IMAGE 3.0,CO_2Deg2030,C3,C3: limit warming to 2°C (>67%)
IMAGE 3.0,CO_BAU,C7,C7: limit warming to 4°C (>50%)
IMAGE 3.0,CO_Bridge,C3,C3: limit warming to 2°C (>67%)
IMAGE 3.0,CO_CurPol,C7,C7: limit warming to 4°C (>50%)
IMAGE 3.0,CO_GPP,C5,C5: limit warming to 2.5°C (>50%)
IMAGE 3.0,CO_NDCplus,C7,C7: limit warming to 4°C (>50%)
IMAGE 3.0,EN_INDCi2030_1000,C4,C4: limit warming to 2°C (>50%)
IMAGE 3.0,EN_INDCi2030_1000f,C4,C4: limit warming to 2°C (>50%)
IMAGE 3.0,EN_INDCi2030_1200,C4,C4: limit warming to 2°C (>50%)
IMAGE 3.0,EN_INDCi2030_1200f,C4,C4: limit warming to 2°C (>50%)
IMAGE 3.0,EN_INDCi2030_1400,C5,C5: limit warming to 2.5°C (>50%)
IMAGE 3.0,EN_INDCi2030_1400f,C4,C4: limit warming to 2°C (>50%)
IMAGE 3.0,EN_INDCi2030_3000,C6,C6: limit warming to 3°C (>50%)
IMAGE 3.0,EN_INDCi2030_3000f,C6,C6: limit warming to 3°C (>50%)
IMAGE 3.0,EN_INDCi2030_800f,C3,C3: limit warming to 2°C (>67%)
IMAGE 3.0,EN_INDCi2100,C7,C7: limit warming to 4°C (>50%)
IMAGE 3.0,EN_NPi2020_1000,C3,C3: limit warming to 2°C (>67%)
IMAGE 3.0,EN_NPi2020_1000f,C3,C3: limit warming to 2°C (>67%)
IMAGE 3.0,EN_NPi2020_1200,C4,C4: limit warming to 2°C (>50%)
IMAGE 3.0,EN_NPi2020_1200f,C4,C4: limit warming to 2°C (>50%)
IMAGE 3.0,EN_NPi2020_1400,C4,C4: limit warming to 2°C (>50%)
IMAGE 3.0,EN_NPi2020_1400f,C4,C4: limit warming to 2°C (>50%)
IMAGE 3.0,EN_NPi2020_3000,C6,C6: limit warming to 3°C (>50%)
IMAGE 3.0,EN_NPi2020_3000f,C6,C6: limit warming to 3°C (>50%)
IMAGE 3.0,EN_NPi2020_600f,C3,C3: limit warming to 2°C (>67%)
IMAGE 3.0,EN_NPi2020_800,C3,C3: limit warming to 2°C (>67%)
IMAGE 3.0,EN_NPi2020_800f,C3,C3: limit warming to 2°C (>67%)
IMAGE 3.0,EN_NPi2100,C7,C7: limit warming to 4°C (>50%)
IMAGE 3.0,EN_NoPolicy,C7,C7: limit warming to 4°C (>50%)
IMAGE 3.0.1,ADVANCE_2020_1.5C-2100,C2,C2: return warming to 1.5°C (>50%) after a high overshoot
IMAGE 3.0.1,ADVANCE_2020_Med2C,C4,C4: limit warming to 2°C (>50%)
IMAGE 3.0.1,ADVANCE_2020_WB2C,C3,C3: limit warming to 2°C (>67%)
IMAGE 3.0.1,ADVANCE_2030_Med2C,C4,C4: limit warming to 2°C (>50%)
IMAGE 3.0.1,ADVANCE_2030_WB2C,C3,C3: limit warming to 2°C (>67%)
IMAGE 3.0.1,ADVANCE_INDC,C6,C6: limit warming to 3°C (>50%)
IMAGE 3.0.1,ADVANCE_NoPolicy,C7,C7: limit warming to 4°C (>50%)
IMAGE 3.0.1,ADVANCE_Reference,C7,C7: limit warming to 4°C (>50%)
IMAGE 3.0.1,CD-LINKS_INDC2030i_1600,C4,C4: limit warming to 2°C (>50%)
IMAGE 3.0.1,CD-LINKS_INDCi,C7,C7: limit warming to 4°C (>50%)
IMAGE 3.0.1,CD-LINKS_NDC2030i_1000,C3,C3: limit warming to 2°C (>67%)
IMAGE 3.0.1,CD-LINKS_NPi,C7,C7: limit warming to 4°C (>50%)
IMAGE 3.0.1,CD-LINKS_NPi2020_1000,C3,C3: limit warming to 2°C (>67%)
IMAGE 3.0.1,CD-LINKS_NPi2020_1600,C4,C4: limit warming to 2°C (>50%)
IMAGE 3.0.1,CD-LINKS_NPi2020_400,C2,C2: return warming to 1.5°C (>50%) after a high overshoot
IMAGE 3.0.1,CD-LINKS_NoPolicy,C7,C7: limit warming to 4°C (>50%)
IMAGE 3.0.1,EMF30_BCOC-EndU,C7,C7: limit warming to 4°C (>50%)
IMAGE 3.0.1,EMF30_Baseline,C7,C7: limit warming to 4°C (>50%)
IMAGE 3.0.1,EMF30_CH4-Only,C7,C7: limit warming to 4°C (>50%)
IMAGE 3.0.1,EMF30_ClimPolicy,C3,C3: limit warming to 2°C (>67%)
IMAGE 3.0.1,EMF30_ClimPolicy+SLCF,C3,C3: limit warming to 2°C (>67%)
IMAGE 3.0.1,EMF30_D_BCOC-Red,C7,C7: limit warming to 4°C (>50%)
IMAGE 3.0.1,EMF30_D_CH4-ClimPolicy,C7,C7: limit warming to 4°C (>50%)
IMAGE 3.0.1,EMF30_D_CO2-Only,C5,C5: limit warming to 2.5°C (>50%)
IMAGE 3.0.1,EMF30_D_Frozen-CH4,C7,C7: limit warming to 4°C (>50%)
IMAGE 3.0.1,EMF30_D_Frozen-EF,C7,C7: limit warming to 4°C (>50%)
IMAGE 3.0.1,EMF30_D_Frozen-EF-EndU,C7,C7: limit warming to 4°C (>50%)
IMAGE 3.0.1,EMF30_D_Frozen-EF-SLCF,C7,C7: limit warming to 4°C (>50%)
IMAGE 3.0.1,EMF30_SLCF,C7,C7: limit warming to 4°C (>50%)
IMAGE 3.0.1,EMF30_Slower-Action,C6,C6: limit warming to 3°C (>50%)
IMAGE 3.0.1,EMF30_Slower-Action+SLCF,C6,C6: limit warming to 3°C (>50%)
IMAGE 3.0.1,EMF30_Slower-to-faster,C4,C4: limit warming to 2°C (>50%)
IMAGE 3.0.1,EMF30_Slower-to-faster+SLCF,C3,C3: limit warming to 2°C (>67%)
IMAGE 3.0.1,EMF30_Slower-to-faster+SLCF+HFC,C3,C3: limit warming to 2°C (>67%)
IMAGE 3.0.1,IMA15-AGInt,failed-vetting,failed-vetting
IMAGE 3.0.1,IMA15-Def,failed-vetting,failed-vetting
IMAGE 3.0.1,IMA15-Eff,failed-vetting,failed-vetting
IMAGE 3.0.1,IMA15-LiStCh,failed-vetting,failed-vetting
IMAGE 3.0.1,IMA15-LoNCO2,failed-vetting,failed-vetting
IMAGE 3.0.1,IMA15-Pop,failed-vetting,failed-vetting
IMAGE 3.0.1,IMA15-RenElec,failed-vetting,failed-vetting
IMAGE 3.0.1,IMA15-TOT,failed-vetting,failed-vetting
IMAGE 3.0.1,SSP1-19,failed-vetting,failed-vetting
IMAGE 3.0.1,SSP1-26,C3,C3: limit warming to 2°C (>67%)
IMAGE 3.0.1,SSP1-34,C5,C5: limit warming to 2.5°C (>50%)
IMAGE 3.0.1,SSP1-45,C6,C6: limit warming to 3°C (>50%)
IMAGE 3.0.1,SSP1-Baseline,C7,C7: limit warming to 4°C (>50%)
IMAGE 3.0.1,SSP2-26,C3,C3: limit warming to 2°C (>67%)
IMAGE 3.0.1,SSP2-34,C5,C5: limit warming to 2.5°C (>50%)
IMAGE 3.0.1,SSP2-45,C6,C6: limit warming to 3°C (>50%)
IMAGE 3.0.1,SSP2-60,C7,C7: limit warming to 4°C (>50%)
IMAGE 3.0.1,SSP2-Baseline,C7,C7: limit warming to 4°C (>50%)
IMAGE 3.0.1,SSP3-34,C5,C5: limit warming to 2.5°C (>50%)
IMAGE 3.0.1,SSP3-45,C6,C6: limit warming to 3°C (>50%)
IMAGE 3.0.1,SSP3-60,C7,C7: limit warming to 4°C (>50%)
IMAGE 3.0.1,SSP3-Baseline,C7,C7: limit warming to 4°C (>50%)
IMAGE 3.0.1,SSP4-26,C3,C3: limit warming to 2°C (>67%)
IMAGE 3.0.1,SSP4-34,C5,C5: limit warming to 2.5°C (>50%)
IMAGE 3.0.1,SSP4-45,C6,C6: limit warming to 3°C (>50%)
IMAGE 3.0.1,SSP4-60,C7,C7: limit warming to 4°C (>50%)
IMAGE 3.0.1,SSP4-Baseline,C7,C7: limit warming to 4°C (>50%)
IMAGE 3.0.1,SSP5-34,C5,C5: limit warming to 2.5°C (>50%)
IMAGE 3.0.1,SSP5-45,C6,C6: limit warming to 3°C (>50%)
IMAGE 3.0.1,SSP5-60,C7,C7: limit warming to 4°C (>50%)
IMAGE 3.0.1,SSP5-Baseline,C8,C8: exceed warming of 4°C (>=50%)
IMAGE 3.0.2,EMF33_Baseline,C7,C7: limit warming to 4°C (>50%)
IMAGE 3.0.2,EMF33_Med2C_cost100,C5,C5: limit warming to 2.5°C (>50%)
IMAGE 3.0.2,EMF33_Med2C_full,C5,C5: limit warming to 2.5°C (>50%)
IMAGE 3.0.2,EMF33_Med2C_limbio,C5,C5: limit warming to 2.5°C (>50%)
IMAGE 3.0.2,EMF33_Med2C_nobeccs,C4,C4: limit warming to 2°C (>50%)
IMAGE 3.0.2,EMF33_Med2C_nofuel,C4,C4: limit warming to 2°C (>50%)
IMAGE 3.0.2,EMF33_Med2C_none,C4,C4: limit warming to 2°C (>50%)
IMAGE 3.0.2,EMF33_WB2C_cost100,C3,C3: limit warming to 2°C (>67%)
IMAGE 3.0.2,EMF33_WB2C_full,C3,C3: limit warming to 2°C (>67%)
IMAGE 3.0.2,EMF33_WB2C_limbio,C3,C3: limit warming to 2°C (>67%)
IMAGE 3.0.2,EMF33_WB2C_nobeccs,C3,C3: limit warming to 2°C (>67%)
IMAGE 3.0.2,EMF33_WB2C_nofuel,C3,C3: limit warming to 2°C (>67%)
IMAGE 3.0.2,EMF33_tax_hi_full,C4,C4: limit warming to 2°C (>50%)
IMAGE 3.0.2,EMF33_tax_hi_none,C5,C5: limit warming to 2.5°C (>50%)
IMAGE 3.0.2,EMF33_tax_lo_full,C5,C5: limit warming to 2.5°C (>50%)
IMAGE 3.0.2,EMF33_tax_lo_none,C5,C5: limit warming to 2.5°C (>50%)
IMAGE 3.2,SSP1-baseline,C7,C7: limit warming to 4°C (>50%)
IMAGE 3.2,SSP1_SPA1_19I_D,C2,C2: return warming to 1.5°C (>50%) after a high overshoot
IMAGE 3.2,SSP1_SPA1_19I_D_LB,C1,C1: limit warming to 1.5°C (>50%) with no or limited overshoot
IMAGE 3.2,SSP1_SPA1_19I_LI,C2,C2: return warming to 1.5°C (>50%) after a high overshoot
IMAGE 3.2,SSP1_SPA1_19I_LIRE,C2,C2: return warming to 1.5°C (>50%) after a high overshoot
IMAGE 3.2,SSP1_SPA1_19I_LIRE_LB,C1,C1: limit warming to 1.5°C (>50%) with no or limited overshoot
IMAGE 3.2,SSP1_SPA1_19I_RE,C2,C2: return warming to 1.5°C (>50%) after a high overshoot
IMAGE 3.2,SSP1_SPA1_19I_RE_LB,C1,C1: limit warming to 1.5°C (>50%) with no or limited overshoot
IMAGE 3.2,SSP1_SPA1_26I_D,C3,C3: limit warming to 2°C (>67%)
IMAGE 3.2,SSP1_SPA1_26I_LI,C3,C3: limit warming to 2°C (>67%)
IMAGE 3.2,SSP1_SPA1_26I_LIRE,C3,C3: limit warming to 2°C (>67%)
IMAGE 3.2,SSP1_SPA1_26I_RE,C3,C3: limit warming to 2°C (>67%)
IMAGE 3.2,SSP1_SPA1_34I_D,C5,C5: limit warming to 2.5°C (>50%)
IMAGE 3.2,SSP1_SPA1_34I_LI,C5,C5: limit warming to 2.5°C (>50%)
IMAGE 3.2,SSP1_SPA1_34I_LIRE,C5,C5: limit warming to 2.5°C (>50%)
IMAGE 3.2,SSP1_SPA1_34I_RE,C5,C5: limit warming to 2.5°C (>50%)
IMAGE 3.2,SSP2-baseline,C7,C7: limit warming to 4°C (>50%)
IMAGE 3.2,SSP2_SPA0_26I_D,C3,C3: limit warming to 2°C (>67%)
IMAGE 3.2,SSP2_SPA1_19I_D_LB,C1,C1: limit warming to 1.5°C (>50%) with no or limited overshoot
IMAGE 3.2,SSP2_SPA1_19I_LIRE_LB,C1,C1: limit warming to 1.5°C (>50%) with no or limited overshoot
IMAGE 3.2,SSP2_SPA1_19I_RE_LB,C1,C1: limit warming to 1.5°C (>50%) with no or limited overshoot
IMAGE 3.2,SSP2_SPA2_19I_D,C2,C2: return warming to 1.5°C (>50%) after a high overshoot
IMAGE 3.2,SSP2_SPA2_19I_LI,C1,C1: limit warming to 1.5°C (>50%) with no or limited overshoot
IMAGE 3.2,SSP2_SPA2_19I_LIRE,C2,C2: return warming to 1.5°C (>50%) after a high overshoot
IMAGE 3.2,SSP2_SPA2_19I_RE,C2,C2: return warming to 1.5°C (>50%) after a high overshoot
IMAGE 3.2,SSP2_SPA2_26I_D,C3,C3: limit warming to 2°C (>67%)
IMAGE 3.2,SSP2_SPA2_26I_LI,C3,C3: limit warming to 2°C (>67%)
IMAGE 3.2,SSP2_SPA2_26I_LIRE,C3,C3: limit warming to 2°C (>67%)
IMAGE 3.2,SSP2_SPA2_26I_RE,C3,C3: limit warming to 2°C (>67%)
IMAGE 3.2,SSP2_SPA2_34I_D,C5,C5: limit warming to 2.5°C (>50%)
IMAGE 3.2,SSP2_SPA2_34I_LI,C5,C5: limit warming to 2.5°C (>50%)
IMAGE 3.2,SSP2_SPA2_34I_LIRE,C5,C5: limit warming to 2.5°C (>50%)
IMAGE 3.2,SSP2_SPA2_34I_RE,C5,C5: limit warming to 2.5°C (>50%)
IMAGE 3.2,SSP2_SPA2_45I_D,C6,C6: limit warming to 3°C (>50%)
IMAGE 3.2,SSP2_SPA2_45I_LI,C6,C6: limit warming to 3°C (>50%)
IMAGE 3.2,SSP2_SPA2_45I_LIRE,C6,C6: limit warming to 3°C (>50%)
IMAGE 3.2,SSP2_SPA2_45I_RE,C6,C6: limit warming to 3°C (>50%)
IMAGE 3.2,SSP3-baseline,C7,C7: limit warming to 4°C (>50%)
IMAGE 3.2,SSP4-baseline,C7,C7: limit warming to 4°C (>50%)
IMAGE 3.2,SSP5-baseline,C8,C8: exceed warming of 4°C (>=50%)
LUT-ESTM 2.0,BPS,failed-vetting,failed-vetting
MAgPIE 4.2,SSP2_RCP2.6,no-climate-assessment,no-climate-assessment
MAgPIE 4.2,SSP2_RCP2.6+PeatProt,no-climate-assessment,no-climate-assessment
MAgPIE 4.2,SSP2_RCP2.6+PeatRestor,no-climate-assessment,no-climate-assessment
MERGE-ETL 6.0,BAU,failed-vetting,failed-vetting
MERGE-ETL 6.0,DAC15_50,failed-vetting,failed-vetting
MERGE-ETL 6.0,DAC2_66,C4,C4: limit warming to 2°C (>50%)
MESSAGE V.3,GEA_Eff_1p5C,failed-vetting,failed-vetting
MESSAGE V.3,GEA_Eff_1p5C_Delay2020,failed-vetting,failed-vetting
MESSAGE V.3,GEA_Eff_2C_Delay2020,failed-vetting,failed-vetting
MESSAGE V.3,GEA_Eff_AdvNCO2_1p5C,failed-vetting,failed-vetting
MESSAGE V.3,GEA_Eff_base,failed-vetting,failed-vetting
MESSAGE V.3,GEA_Mix_1p5C_AdvNCO2_PartialDelay2020,failed-vetting,failed-vetting
MESSAGE V.3,GEA_Mix_1p5C_AdvTrans_PartialDelay2020,failed-vetting,failed-vetting
MESSAGE V.3,GEA_Mix_2C_AdvNCO2_PartialDelay2020,failed-vetting,failed-vetting
MESSAGE V.3,GEA_Mix_2C_AdvTrans_PartialDelay2020,failed-vetting,failed-vetting
MESSAGE V.3,GEA_Mix_base,failed-vetting,failed-vetting
MESSAGE-GLOBIOM 1.0,ADVANCE_2020_1.5C-2100,C1,C1: limit warming to 1.5°C (>50%) with no or limited overshoot
MESSAGE-GLOBIOM 1.0,ADVANCE_2020_Med2C,C4,C4: limit warming to 2°C (>50%)
MESSAGE-GLOBIOM 1.0,ADVANCE_2020_WB2C,C3,C3: limit warming to 2°C (>67%)
MESSAGE-GLOBIOM 1.0,ADVANCE_2030_Med2C,C4,C4: limit warming to 2°C (>50%)
MESSAGE-GLOBIOM 1.0,ADVANCE_2030_Price1.5C,C2,C2: return warming to 1.5°C (>50%) after a high overshoot
MESSAGE-GLOBIOM 1.0,ADVANCE_2030_WB2C,C3,C3: limit warming to 2°C (>67%)
MESSAGE-GLOBIOM 1.0,ADVANCE_INDC,C5,C5: limit warming to 2.5°C (>50%)
MESSAGE-GLOBIOM 1.0,ADVANCE_NoPolicy,failed-vetting,failed-vetting
MESSAGE-GLOBIOM 1.0,ADVANCE_Reference,C6,C6: limit warming to 3°C (>50%)
MESSAGE-GLOBIOM 1.0,EMF30_BCOC-EndU,C7,C7: limit warming to 4°C (>50%)
MESSAGE-GLOBIOM 1.0,EMF30_Baseline,C7,C7: limit warming to 4°C (>50%)
MESSAGE-GLOBIOM 1.0,EMF30_CH4-Only,failed-vetting,failed-vetting
MESSAGE-GLOBIOM 1.0,EMF30_ClimPolicy,failed-vetting,failed-vetting
MESSAGE-GLOBIOM 1.0,EMF30_ClimPolicy+SLCF,failed-vetting,failed-vetting
MESSAGE-GLOBIOM 1.0,EMF30_D_BCOC-Red,C7,C7: limit warming to 4°C (>50%)
MESSAGE-GLOBIOM 1.0,EMF30_D_CH4-ClimPolicy,C7,C7: limit warming to 4°C (>50%)
MESSAGE-GLOBIOM 1.0,EMF30_D_Frozen-CH4,C7,C7: limit warming to 4°C (>50%)
MESSAGE-GLOBIOM 1.0,EMF30_D_Frozen-EF,C7,C7: limit warming to 4°C (>50%)
MESSAGE-GLOBIOM 1.0,EMF30_D_Frozen-EF-EndU,C7,C7: limit warming to 4°C (>50%)
MESSAGE-GLOBIOM 1.0,EMF30_D_Frozen-EF-SLCF,C7,C7: limit warming to 4°C (>50%)
MESSAGE-GLOBIOM 1.0,EMF30_SLCF,failed-vetting,failed-vetting
MESSAGE-GLOBIOM 1.0,EMF30_Slower-Action,C5,C5: limit warming to 2.5°C (>50%)
MESSAGE-GLOBIOM 1.0,EMF30_Slower-Action+SLCF,failed-vetting,failed-vetting
MESSAGE-GLOBIOM 1.0,EMF30_Slower-to-faster,C2,C2: return warming to 1.5°C (>50%) after a high overshoot
MESSAGE-GLOBIOM 1.0,EMF30_Slower-to-faster+SLCF,failed-vetting,failed-vetting
MESSAGE-GLOBIOM 1.0,EMF30_Slower-to-faster+SLCF+HFC,failed-vetting,failed-vetting
MESSAGE-GLOBIOM 1.0,EMF33_1.5C_cost100,C1,C1: limit warming to 1.5°C (>50%) with no or limited overshoot
MESSAGE-GLOBIOM 1.0,EMF33_1.5C_full,C1,C1: limit warming to 1.5°C (>50%) with no or limited overshoot
MESSAGE-GLOBIOM 1.0,EMF33_Baseline,C7,C7: limit warming to 4°C (>50%)
MESSAGE-GLOBIOM 1.0,EMF33_Med2C_cost100,C4,C4: limit warming to 2°C (>50%)
MESSAGE-GLOBIOM 1.0,EMF33_Med2C_full,C4,C4: limit warming to 2°C (>50%)
MESSAGE-GLOBIOM 1.0,EMF33_Med2C_limbio,C4,C4: limit warming to 2°C (>50%)
MESSAGE-GLOBIOM 1.0,EMF33_Med2C_nobeccs,C3,C3: limit warming to 2°C (>67%)
MESSAGE-GLOBIOM 1.0,EMF33_Med2C_nofuel,C4,C4: limit warming to 2°C (>50%)
MESSAGE-GLOBIOM 1.0,EMF33_Med2C_none,C3,C3: limit warming to 2°C (>67%)
MESSAGE-GLOBIOM 1.0,EMF33_WB2C_cost100,C2,C2: return warming to 1.5°C (>50%) after a high overshoot
MESSAGE-GLOBIOM 1.0,EMF33_WB2C_full,C2,C2: return warming to 1.5°C (>50%) after a high overshoot
MESSAGE-GLOBIOM 1.0,EMF33_WB2C_limbio,C2,C2: return warming to 1.5°C (>50%) after a high overshoot
MESSAGE-GLOBIOM 1.0,EMF33_WB2C_nofuel,C2,C2: return warming to 1.5°C (>50%) after a high overshoot
MESSAGE-GLOBIOM 1.0,EMF33_tax_hi_full,C3,C3: limit warming to 2°C (>67%)
MESSAGE-GLOBIOM 1.0,EMF33_tax_hi_none,C4,C4: limit warming to 2°C (>50%)
MESSAGE-GLOBIOM 1.0,EMF33_tax_lo_full,C5,C5: limit warming to 2.5°C (>50%)
MESSAGE-GLOBIOM 1.0,EMF33_tax_lo_none,C5,C5: limit warming to 2.5°C (>50%)
MESSAGE-GLOBIOM 1.0,SSP1-19,failed-vetting,failed-vetting
MESSAGE-GLOBIOM 1.0,SSP1-26,C4,C4: limit warming to 2°C (>50%)
MESSAGE-GLOBIOM 1.0,SSP1-34,C5,C5: limit warming to 2.5°C (>50%)
MESSAGE-GLOBIOM 1.0,SSP1-45,C6,C6: limit warming to 3°C (>50%)
MESSAGE-GLOBIOM 1.0,SSP1-Baseline,C7,C7: limit warming to 4°C (>50%)
MESSAGE-GLOBIOM 1.0,SSP2-19,C1,C1: limit warming to 1.5°C (>50%) with no or limited overshoot
MESSAGE-GLOBIOM 1.0,SSP2-26,C3,C3: limit warming to 2°C (>67%)
MESSAGE-GLOBIOM 1.0,SSP2-34,C5,C5: limit warming to 2.5°C (>50%)
MESSAGE-GLOBIOM 1.0,SSP2-45,C6,C6: limit warming to 3°C (>50%)
MESSAGE-GLOBIOM 1.0,SSP2-60,C7,C7: limit warming to 4°C (>50%)
MESSAGE-GLOBIOM 1.0,SSP2-Baseline,C7,C7: limit warming to 4°C (>50%)
MESSAGE-GLOBIOM 1.0,SSP3-34,C4,C4: limit warming to 2°C (>50%)
MESSAGE-GLOBIOM 1.0,SSP3-45,C5,C5: limit warming to 2.5°C (>50%)
MESSAGE-GLOBIOM 1.0,SSP3-60,C6,C6: limit warming to 3°C (>50%)
MESSAGE-GLOBIOM 1.0,SSP3-Baseline,failed-vetting,failed-vetting
MESSAGE-Transport V.5,ADVANCE_WP2_TRA-450-FullTech,no-climate-assessment,no-climate-assessment
MESSAGE-Transport V.5,ADVANCE_WP2_TRA-Base-FullTech,no-climate-assessment,no-climate-assessment
MESSAGE-Transport V.5,ADVANCE_WP2_TRA-Ctax-FullTech,no-climate-assessment,no-climate-assessment
MESSAGEix-GLOBIOM 1.0,CD-LINKS_INDC2030i_1600,C4,C4: limit warming to 2°C (>50%)
MESSAGEix-GLOBIOM 1.0,CD-LINKS_INDCi,C7,C7: limit warming to 4°C (>50%)
MESSAGEix-GLOBIOM 1.0,CD-LINKS_NDC2030i_1000,C2,C2: return warming to 1.5°C (>50%) after a high overshoot
MESSAGEix-GLOBIOM 1.0,CD-LINKS_NPi,C7,C7: limit warming to 4°C (>50%)
MESSAGEix-GLOBIOM 1.0,CD-LINKS_NPi2020_1000,C2,C2: return warming to 1.5°C (>50%) after a high overshoot
MESSAGEix-GLOBIOM 1.0,CD-LINKS_NPi2020_1600,C4,C4: limit warming to 2°C (>50%)
MESSAGEix-GLOBIOM 1.0,CD-LINKS_NPi2020_400,C1,C1: limit warming to 1.5°C (>50%) with no or limited overshoot
MESSAGEix-GLOBIOM 1.0,CD-LINKS_NoPolicy,C7,C7: limit warming to 4°C (>50%)
MESSAGEix-GLOBIOM 1.0,LowEnergyDemand_1.3_IPCC,C1,C1: limit warming to 1.5°C (>50%) with no or limited overshoot
MESSAGEix-GLOBIOM_1.0,CO_2Deg2020,failed-vetting,failed-vetting
MESSAGEix-GLOBIOM_1.0,CO_2Deg2030,failed-vetting,failed-vetting
MESSAGEix-GLOBIOM_1.0,CO_BAU,failed-vetting,failed-vetting
MESSAGEix-GLOBIOM_1.0,CO_Bridge,failed-vetting,failed-vetting
MESSAGEix-GLOBIOM_1.0,CO_CurPol,failed-vetting,failed-vetting
MESSAGEix-GLOBIOM_1.0,CO_GPP,failed-vetting,failed-vetting
MESSAGEix-GLOBIOM_1.0,CO_NDC_2050convergence,failed-vetting,failed-vetting
MESSAGEix-GLOBIOM_1.0,CO_NDCplus,failed-vetting,failed-vetting
MESSAGEix-GLOBIOM_1.1,EN_INDCi2030_1000,C3,C3: limit warming to 2°C (>67%)
MESSAGEix-GLOBIOM_1.1,EN_INDCi2030_1000_COV,C3,C3: limit warming to 2°C (>67%)
MESSAGEix-GLOBIOM_1.1,EN_INDCi2030_1000_COV_NDCp,C3,C3: limit warming to 2°C (>67%)
MESSAGEix-GLOBIOM_1.1,EN_INDCi2030_1000_NDCp,C3,C3: limit warming to 2°C (>67%)
MESSAGEix-GLOBIOM_1.1,EN_INDCi2030_1000f,C4,C4: limit warming to 2°C (>50%)
MESSAGEix-GLOBIOM_1.1,EN_INDCi2030_1000f_COV,C3,C3: limit warming to 2°C (>67%)
MESSAGEix-GLOBIOM_1.1,EN_INDCi2030_1000f_COV_NDCp,C3,C3: limit warming to 2°C (>67%)
MESSAGEix-GLOBIOM_1.1,EN_INDCi2030_1000f_NDCp,C4,C4: limit warming to 2°C (>50%)
MESSAGEix-GLOBIOM_1.1,EN_INDCi2030_1200,C4,C4: limit warming to 2°C (>50%)
MESSAGEix-GLOBIOM_1.1,EN_INDCi2030_1200_COV,C3,C3: limit warming to 2°C (>67%)
MESSAGEix-GLOBIOM_1.1,EN_INDCi2030_1200_COV_NDCp,C3,C3: limit warming to 2°C (>67%)
MESSAGEix-GLOBIOM_1.1,EN_INDCi2030_1200_NDCp,C4,C4: limit warming to 2°C (>50%)
MESSAGEix-GLOBIOM_1.1,EN_INDCi2030_1200f,C4,C4: limit warming to 2°C (>50%)
MESSAGEix-GLOBIOM_1.1,EN_INDCi2030_1200f_COV,C4,C4: limit warming to 2°C (>50%)
MESSAGEix-GLOBIOM_1.1,EN_INDCi2030_1200f_COV_NDCp,C4,C4: limit warming to 2°C (>50%)
MESSAGEix-GLOBIOM_1.1,EN_INDCi2030_1200f_NDCp,C4,C4: limit warming to 2°C (>50%)
MESSAGEix-GLOBIOM_1.1,EN_INDCi2030_1400,C4,C4: limit warming to 2°C (>50%)
MESSAGEix-GLOBIOM_1.1,EN_INDCi2030_1400_COV,C4,C4: limit warming to 2°C (>50%)
MESSAGEix-GLOBIOM_1.1,EN_INDCi2030_1400_COV_NDCp,C4,C4: limit warming to 2°C (>50%)
MESSAGEix-GLOBIOM_1.1,EN_INDCi2030_1400_NDCp,C4,C4: limit warming to 2°C (>50%)
MESSAGEix-GLOBIOM_1.1,EN_INDCi2030_1400f,C4,C4: limit warming to 2°C (>50%)
MESSAGEix-GLOBIOM_1.1,EN_INDCi2030_1400f_COV,C4,C4: limit warming to 2°C (>50%)
MESSAGEix-GLOBIOM_1.1,EN_INDCi2030_1400f_COV_NDCp,C4,C4: limit warming to 2°C (>50%)
MESSAGEix-GLOBIOM_1.1,EN_INDCi2030_1400f_NDCp,C4,C4: limit warming to 2°C (>50%)
MESSAGEix-GLOBIOM_1.1,EN_INDCi2030_1600,C5,C5: limit warming to 2.5°C (>50%)
MESSAGEix-GLOBIOM_1.1,EN_INDCi2030_1600_COV,C4,C4: limit warming to 2°C (>50%)
MESSAGEix-GLOBIOM_1.1,EN_INDCi2030_1600_COV_NDCp,C4,C4: limit warming to 2°C (>50%)
MESSAGEix-GLOBIOM_1.1,EN_INDCi2030_1600_NDCp,C5,C5: limit warming to 2.5°C (>50%)
MESSAGEix-GLOBIOM_1.1,EN_INDCi2030_1600f,C5,C5: limit warming to 2.5°C (>50%)
MESSAGEix-GLOBIOM_1.1,EN_INDCi2030_1600f_COV,C5,C5: limit warming to 2.5°C (>50%)
MESSAGEix-GLOBIOM_1.1,EN_INDCi2030_1600f_COV_NDCp,C5,C5: limit warming to 2.5°C (>50%)
MESSAGEix-GLOBIOM_1.1,EN_INDCi2030_1600f_NDCp,C5,C5: limit warming to 2.5°C (>50%)
MESSAGEix-GLOBIOM_1.1,EN_INDCi2030_1800,C5,C5: limit warming to 2.5°C (>50%)
MESSAGEix-GLOBIOM_1.1,EN_INDCi2030_1800_COV,C5,C5: limit warming to 2.5°C (>50%)
MESSAGEix-GLOBIOM_1.1,EN_INDCi2030_1800_COV_NDCp,C5,C5: limit warming to 2.5°C (>50%)
MESSAGEix-GLOBIOM_1.1,EN_INDCi2030_1800_NDCp,C5,C5: limit warming to 2.5°C (>50%)
MESSAGEix-GLOBIOM_1.1,EN_INDCi2030_1800f,C5,C5: limit warming to 2.5°C (>50%)
MESSAGEix-GLOBIOM_1.1,EN_INDCi2030_1800f_COV,C5,C5: limit warming to 2.5°C (>50%)
MESSAGEix-GLOBIOM_1.1,EN_INDCi2030_1800f_COV_NDCp,C5,C5: limit warming to 2.5°C (>50%)
MESSAGEix-GLOBIOM_1.1,EN_INDCi2030_1800f_NDCp,C5,C5: limit warming to 2.5°C (>50%)
MESSAGEix-GLOBIOM_1.1,EN_INDCi2030_2000,C5,C5: limit warming to 2.5°C (>50%)
MESSAGEix-GLOBIOM_1.1,EN_INDCi2030_2000_COV,C5,C5: limit warming to 2.5°C (>50%)
MESSAGEix-GLOBIOM_1.1,EN_INDCi2030_2000_COV_NDCp,C5,C5: limit warming to 2.5°C (>50%)
MESSAGEix-GLOBIOM_1.1,EN_INDCi2030_2000_NDCp,C5,C5: limit warming to 2.5°C (>50%)
MESSAGEix-GLOBIOM_1.1,EN_INDCi2030_2000f,C5,C5: limit warming to 2.5°C (>50%)
MESSAGEix-GLOBIOM_1.1,EN_INDCi2030_2000f_COV,C5,C5: limit warming to 2.5°C (>50%)
MESSAGEix-GLOBIOM_1.1,EN_INDCi2030_2000f_COV_NDCp,C5,C5: limit warming to 2.5°C (>50%)
MESSAGEix-GLOBIOM_1.1,EN_INDCi2030_2000f_NDCp,C5,C5: limit warming to 2.5°C (>50%)
MESSAGEix-GLOBIOM_1.1,EN_INDCi2030_2500,C5,C5: limit warming to 2.5°C (>50%)
MESSAGEix-GLOBIOM_1.1,EN_INDCi2030_2500_COV,C5,C5: limit warming to 2.5°C (>50%)
MESSAGEix-GLOBIOM_1.1,EN_INDCi2030_2500_COV_NDCp,C5,C5: limit warming to 2.5°C (>50%)
MESSAGEix-GLOBIOM_1.1,EN_INDCi2030_2500_NDCp,C5,C5: limit warming to 2.5°C (>50%)
MESSAGEix-GLOBIOM_1.1,EN_INDCi2030_2500f,C5,C5: limit warming to 2.5°C (>50%)
MESSAGEix-GLOBIOM_1.1,EN_INDCi2030_2500f_COV,C5,C5: limit warming to 2.5°C (>50%)
MESSAGEix-GLOBIOM_1.1,EN_INDCi2030_2500f_COV_NDCp,C5,C5: limit warming to 2.5°C (>50%)
MESSAGEix-GLOBIOM_1.1,EN_INDCi2030_2500f_NDCp,C5,C5: limit warming to 2.5°C (>50%)
MESSAGEix-GLOBIOM_1.1,EN_INDCi2030_3000,C6,C6: limit warming to 3°C (>50%)
MESSAGEix-GLOBIOM_1.1,EN_INDCi2030_3000_COV,C6,C6: limit warming to 3°C (>50%)
MESSAGEix-GLOBIOM_1.1,EN_INDCi2030_3000_COV_NDCp,C6,C6: limit warming to 3°C (>50%)
MESSAGEix-GLOBIOM_1.1,EN_INDCi2030_3000_NDCp,C6,C6: limit warming to 3°C (>50%)
MESSAGEix-GLOBIOM_1.1,EN_INDCi2030_3000f,C6,C6: limit warming to 3°C (>50%)
MESSAGEix-GLOBIOM_1.1,EN_INDCi2030_3000f_COV,C6,C6: limit warming to 3°C (>50%)
MESSAGEix-GLOBIOM_1.1,EN_INDCi2030_3000f_COV_NDCp,C6,C6: limit warming to 3°C (>50%)
MESSAGEix-GLOBIOM_1.1,EN_INDCi2030_3000f_NDCp,C6,C6: limit warming to 3°C (>50%)
MESSAGEix-GLOBIOM_1.1,EN_INDCi2030_600f_COV,C2,C2: return warming to 1.5°C (>50%) after a high overshoot
MESSAGEix-GLOBIOM_1.1,EN_INDCi2030_600f_COV_NDCp,C2,C2: return warming to 1.5°C (>50%) after a high overshoot
MESSAGEix-GLOBIOM_1.1,EN_INDCi2030_700f,C2,C2: return warming to 1.5°C (>50%) after a high overshoot
MESSAGEix-GLOBIOM_1.1,EN_INDCi2030_700f_COV,C2,C2: return warming to 1.5°C (>50%) after a high overshoot
MESSAGEix-GLOBIOM_1.1,EN_INDCi2030_700f_COV_NDCp,C2,C2: return warming to 1.5°C (>50%) after a high overshoot
MESSAGEix-GLOBIOM_1.1,EN_INDCi2030_700f_NDCp,C2,C2: return warming to 1.5°C (>50%) after a high overshoot
MESSAGEix-GLOBIOM_1.1,EN_INDCi2030_800f,C3,C3: limit warming to 2°C (>67%)
MESSAGEix-GLOBIOM_1.1,EN_INDCi2030_800f_COV,C3,C3: limit warming to 2°C (>67%)
MESSAGEix-GLOBIOM_1.1,EN_INDCi2030_800f_COV_NDCp,C3,C3: limit warming to 2°C (>67%)
MESSAGEix-GLOBIOM_1.1,EN_INDCi2030_800f_NDCp,C3,C3: limit warming to 2°C (>67%)
MESSAGEix-GLOBIOM_1.1,EN_INDCi2030_900f,C3,C3: limit warming to 2°C (>67%)
MESSAGEix-GLOBIOM_1.1,EN_INDCi2030_900f_COV,C3,C3: limit warming to 2°C (>67%)
MESSAGEix-GLOBIOM_1.1,EN_INDCi2030_900f_COV_NDCp,C3,C3: limit warming to 2°C (>67%)
MESSAGEix-GLOBIOM_1.1,EN_INDCi2030_900f_NDCp,C3,C3: limit warming to 2°C (>67%)
MESSAGEix-GLOBIOM_1.1,EN_INDCi2030_950_COV,C3,C3: limit warming to 2°C (>67%)
MESSAGEix-GLOBIOM_1.1,EN_INDCi2030_950_COV_NDCp,C3,C3: limit warming to 2°C (>67%)
MESSAGEix-GLOBIOM_1.1,EN_INDCi2030_950f_COV,C3,C3: limit warming to 2°C (>67%)
MESSAGEix-GLOBIOM_1.1,EN_INDCi2030_950f_COV_NDCp,C3,C3: limit warming to 2°C (>67%)
MESSAGEix-GLOBIOM_1.1,EN_INDCi2100,C6,C6: limit warming to 3°C (>50%)
MESSAGEix-GLOBIOM_1.1,EN_INDCi2100_COV,C6,C6: limit warming to 3°C (>50%)
MESSAGEix-GLOBIOM_1.1,EN_INDCi2100_COV_NDCp,C6,C6: limit warming to 3°C (>50%)
MESSAGEix-GLOBIOM_1.1,EN_INDCi2100_NDCp,C6,C6: limit warming to 3°C (>50%)
MESSAGEix-GLOBIOM_1.1,EN_NPi2020_1000,C3,C3: limit warming to 2°C (>67%)
MESSAGEix-GLOBIOM_1.1,EN_NPi2020_1000_COV,C3,C3: limit warming to 2°C (>67%)
MESSAGEix-GLOBIOM_1.1,EN_NPi2020_1000_DR10p,C3,C3: limit warming to 2°C (>67%)
MESSAGEix-GLOBIOM_1.1,EN_NPi2020_1000_DR1p,C3,C3: limit warming to 2°C (>67%)
MESSAGEix-GLOBIOM_1.1,EN_NPi2020_1000_DR2p,C3,C3: limit warming to 2°C (>67%)
MESSAGEix-GLOBIOM_1.1,EN_NPi2020_1000_DR3p,C3,C3: limit warming to 2°C (>67%)
MESSAGEix-GLOBIOM_1.1,EN_NPi2020_1000_DR4p,C3,C3: limit warming to 2°C (>67%)
MESSAGEix-GLOBIOM_1.1,EN_NPi2020_1000f,C3,C3: limit warming to 2°C (>67%)
MESSAGEix-GLOBIOM_1.1,EN_NPi2020_1000f_COV,C3,C3: limit warming to 2°C (>67%)
MESSAGEix-GLOBIOM_1.1,EN_NPi2020_1000f_DR10p,C4,C4: limit warming to 2°C (>50%)
MESSAGEix-GLOBIOM_1.1,EN_NPi2020_1000f_DR1p,C3,C3: limit warming to 2°C (>67%)
MESSAGEix-GLOBIOM_1.1,EN_NPi2020_1000f_DR2p,C3,C3: limit warming to 2°C (>67%)
MESSAGEix-GLOBIOM_1.1,EN_NPi2020_1000f_DR3p,C3,C3: limit warming to 2°C (>67%)
MESSAGEix-GLOBIOM_1.1,EN_NPi2020_1000f_DR4p,C3,C3: limit warming to 2°C (>67%)
MESSAGEix-GLOBIOM_1.1,EN_NPi2020_1200,C3,C3: limit warming to 2°C (>67%)
MESSAGEix-GLOBIOM_1.1,EN_NPi2020_1200_COV,C3,C3: limit warming to 2°C (>67%)
MESSAGEix-GLOBIOM_1.1,EN_NPi2020_1200f,C4,C4: limit warming to 2°C (>50%)
MESSAGEix-GLOBIOM_1.1,EN_NPi2020_1200f_COV,C4,C4: limit warming to 2°C (>50%)
MESSAGEix-GLOBIOM_1.1,EN_NPi2020_1400,C4,C4: limit warming to 2°C (>50%)
MESSAGEix-GLOBIOM_1.1,EN_NPi2020_1400_COV,C4,C4: limit warming to 2°C (>50%)
MESSAGEix-GLOBIOM_1.1,EN_NPi2020_1400f,C4,C4: limit warming to 2°C (>50%)
MESSAGEix-GLOBIOM_1.1,EN_NPi2020_1400f_COV,C4,C4: limit warming to 2°C (>50%)
MESSAGEix-GLOBIOM_1.1,EN_NPi2020_1600,C4,C4: limit warming to 2°C (>50%)
MESSAGEix-GLOBIOM_1.1,EN_NPi2020_1600_COV,C4,C4: limit warming to 2°C (>50%)
MESSAGEix-GLOBIOM_1.1,EN_NPi2020_1600f,C5,C5: limit warming to 2.5°C (>50%)
MESSAGEix-GLOBIOM_1.1,EN_NPi2020_1600f_COV,C4,C4: limit warming to 2°C (>50%)
MESSAGEix-GLOBIOM_1.1,EN_NPi2020_1800,C5,C5: limit warming to 2.5°C (>50%)
MESSAGEix-GLOBIOM_1.1,EN_NPi2020_1800_COV,C5,C5: limit warming to 2.5°C (>50%)
MESSAGEix-GLOBIOM_1.1,EN_NPi2020_1800f,C5,C5: limit warming to 2.5°C (>50%)
MESSAGEix-GLOBIOM_1.1,EN_NPi2020_1800f_COV,C5,C5: limit warming to 2.5°C (>50%)
MESSAGEix-GLOBIOM_1.1,EN_NPi2020_2000,C5,C5: limit warming to 2.5°C (>50%)
MESSAGEix-GLOBIOM_1.1,EN_NPi2020_2000_COV,C5,C5: limit warming to 2.5°C (>50%)
MESSAGEix-GLOBIOM_1.1,EN_NPi2020_2000f,C5,C5: limit warming to 2.5°C (>50%)
MESSAGEix-GLOBIOM_1.1,EN_NPi2020_2000f_COV,C5,C5: limit warming to 2.5°C (>50%)
MESSAGEix-GLOBIOM_1.1,EN_NPi2020_200f,C2,C2: return warming to 1.5°C (>50%) after a high overshoot
MESSAGEix-GLOBIOM_1.1,EN_NPi2020_2500,C5,C5: limit warming to 2.5°C (>50%)
MESSAGEix-GLOBIOM_1.1,EN_NPi2020_2500_COV,C5,C5: limit warming to 2.5°C (>50%)
MESSAGEix-GLOBIOM_1.1,EN_NPi2020_2500f,C5,C5: limit warming to 2.5°C (>50%)
MESSAGEix-GLOBIOM_1.1,EN_NPi2020_2500f_COV,C5,C5: limit warming to 2.5°C (>50%)
MESSAGEix-GLOBIOM_1.1,EN_NPi2020_3000,C6,C6: limit warming to 3°C (>50%)
MESSAGEix-GLOBIOM_1.1,EN_NPi2020_3000_COV,C6,C6: limit warming to 3°C (>50%)
MESSAGEix-GLOBIOM_1.1,EN_NPi2020_3000f,C6,C6: limit warming to 3°C (>50%)
MESSAGEix-GLOBIOM_1.1,EN_NPi2020_3000f_COV,C6,C6: limit warming to 3°C (>50%)
MESSAGEix-GLOBIOM_1.1,EN_NPi2020_300f,C2,C2: return warming to 1.5°C (>50%) after a high overshoot
MESSAGEix-GLOBIOM_1.1,EN_NPi2020_400f,C2,C2: return warming to 1.5°C (>50%) after a high overshoot
MESSAGEix-GLOBIOM_1.1,EN_NPi2020_450,C1,C1: limit warming to 1.5°C (>50%) with no or limited overshoot
MESSAGEix-GLOBIOM_1.1,EN_NPi2020_450f,C2,C2: return warming to 1.5°C (>50%) after a high overshoot
MESSAGEix-GLOBIOM_1.1,EN_NPi2020_500,C1,C1: limit warming to 1.5°C (>50%) with no or limited overshoot
MESSAGEix-GLOBIOM_1.1,EN_NPi2020_500f,C2,C2: return warming to 1.5°C (>50%) after a high overshoot
MESSAGEix-GLOBIOM_1.1,EN_NPi2020_600,C2,C2: return warming to 1.5°C (>50%) after a high overshoot
MESSAGEix-GLOBIOM_1.1,EN_NPi2020_600_COV,C1,C1: limit warming to 1.5°C (>50%) with no or limited overshoot
MESSAGEix-GLOBIOM_1.1,EN_NPi2020_600_DR10p,C2,C2: return warming to 1.5°C (>50%) after a high overshoot
MESSAGEix-GLOBIOM_1.1,EN_NPi2020_600_DR1p,C1,C1: limit warming to 1.5°C (>50%) with no or limited overshoot
MESSAGEix-GLOBIOM_1.1,EN_NPi2020_600_DR2p,C1,C1: limit warming to 1.5°C (>50%) with no or limited overshoot
MESSAGEix-GLOBIOM_1.1,EN_NPi2020_600_DR3p,C1,C1: limit warming to 1.5°C (>50%) with no or limited overshoot
MESSAGEix-GLOBIOM_1.1,EN_NPi2020_600_DR4p,C1,C1: limit warming to 1.5°C (>50%) with no or limited overshoot
MESSAGEix-GLOBIOM_1.1,EN_NPi2020_600f,C2,C2: return warming to 1.5°C (>50%) after a high overshoot
MESSAGEix-GLOBIOM_1.1,EN_NPi2020_600f_COV,C2,C2: return warming to 1.5°C (>50%) after a high overshoot
MESSAGEix-GLOBIOM_1.1,EN_NPi2020_600f_DR10p,C2,C2: return warming to 1.5°C (>50%) after a high overshoot
MESSAGEix-GLOBIOM_1.1,EN_NPi2020_600f_DR1p,C2,C2: return warming to 1.5°C (>50%) after a high overshoot
MESSAGEix-GLOBIOM_1.1,EN_NPi2020_600f_DR2p,C2,C2: return warming to 1.5°C (>50%) after a high overshoot
MESSAGEix-GLOBIOM_1.1,EN_NPi2020_600f_DR3p,C2,C2: return warming to 1.5°C (>50%) after a high overshoot
MESSAGEix-GLOBIOM_1.1,EN_NPi2020_600f_DR4p,C2,C2: return warming to 1.5°C (>50%) after a high overshoot
MESSAGEix-GLOBIOM_1.1,EN_NPi2020_700,C2,C2: return warming to 1.5°C (>50%) after a high overshoot
MESSAGEix-GLOBIOM_1.1,EN_NPi2020_700_COV,C2,C2: return warming to 1.5°C (>50%) after a high overshoot
MESSAGEix-GLOBIOM_1.1,EN_NPi2020_700f,C2,C2: return warming to 1.5°C (>50%) after a high overshoot
MESSAGEix-GLOBIOM_1.1,EN_NPi2020_700f_COV,C2,C2: return warming to 1.5°C (>50%) after a high overshoot
MESSAGEix-GLOBIOM_1.1,EN_NPi2020_800,C3,C3: limit warming to 2°C (>67%)
MESSAGEix-GLOBIOM_1.1,EN_NPi2020_800_COV,C3,C3: limit warming to 2°C (>67%)
MESSAGEix-GLOBIOM_1.1,EN_NPi2020_800f,C3,C3: limit warming to 2°C (>67%)
MESSAGEix-GLOBIOM_1.1,EN_NPi2020_800f_COV,C3,C3: limit warming to 2°C (>67%)
MESSAGEix-GLOBIOM_1.1,EN_NPi2020_900,C3,C3: limit warming to 2°C (>67%)
MESSAGEix-GLOBIOM_1.1,EN_NPi2020_900_COV,C3,C3: limit warming to 2°C (>67%)
MESSAGEix-GLOBIOM_1.1,EN_NPi2020_900f,C3,C3: limit warming to 2°C (>67%)
MESSAGEix-GLOBIOM_1.1,EN_NPi2020_900f_COV,C3,C3: limit warming to 2°C (>67%)
MESSAGEix-GLOBIOM_1.1,EN_NPi2100,C7,C7: limit warming to 4°C (>50%)
MESSAGEix-GLOBIOM_1.1,EN_NPi2100_COV,C7,C7: limit warming to 4°C (>50%)
MESSAGEix-GLOBIOM_1.1,EN_NoPolicy,C7,C7: limit warming to 4°C (>50%)
MESSAGEix-GLOBIOM_1.1,NGFS2_Below 2°C,C3,C3: limit warming to 2°C (>67%)
MESSAGEix-GLOBIOM_1.1,NGFS2_Current Policies,C7,C7: limit warming to 4°C (>50%)
MESSAGEix-GLOBIOM_1.1,NGFS2_Delayed Transition,C3,C3: limit warming to 2°C (>67%)
MESSAGEix-GLOBIOM_1.1,NGFS2_Divergent Net Zero Policies,C1,C1: limit warming to 1.5°C (>50%) with no or limited overshoot
MESSAGEix-GLOBIOM_1.1,NGFS2_Nationally Determined Contributions (NDCs),C5,C5: limit warming to 2.5°C (>50%)
MESSAGEix-GLOBIOM_1.1,NGFS2_Net-Zero 2050,C1,C1: limit warming to 1.5°C (>50%) with no or limited overshoot
MESSAGEix-GLOBIOM_1.2,COV_GreenPush,C7,C7: limit warming to 4°C (>50%)
MESSAGEix-GLOBIOM_1.2,COV_GreenPush_1000,C3,C3: limit warming to 2°C (>67%)
MESSAGEix-GLOBIOM_1.2,COV_GreenPush_550,C1,C1: limit warming to 1.5°C (>50%) with no or limited overshoot
MESSAGEix-GLOBIOM_1.2,COV_GreenPush_max_GDP,C7,C7: limit warming to 4°C (>50%)
MESSAGEix-GLOBIOM_1.2,COV_GreenPush_min_GDP,C7,C7: limit warming to 4°C (>50%)
MESSAGEix-GLOBIOM_1.2,COV_NoPolicyNoCOVID,C7,C7: limit warming to 4°C (>50%)
MESSAGEix-GLOBIOM_1.2,COV_NoPolicyNoCOVID_1000,C3,C3: limit warming to 2°C (>67%)
MESSAGEix-GLOBIOM_1.2,COV_NoPolicyNoCOVID_550,C1,C1: limit warming to 1.5°C (>50%) with no or limited overshoot
MESSAGEix-GLOBIOM_1.2,COV_Restore,C7,C7: limit warming to 4°C (>50%)
MESSAGEix-GLOBIOM_1.2,COV_Restore_1000,C3,C3: limit warming to 2°C (>67%)
MESSAGEix-GLOBIOM_1.2,COV_Restore_550,C1,C1: limit warming to 1.5°C (>50%) with no or limited overshoot
MESSAGEix-GLOBIOM_1.2,COV_SelfReliance,C7,C7: limit warming to 4°C (>50%)
MESSAGEix-GLOBIOM_1.2,COV_SelfReliance_1000,C3,C3: limit warming to 2°C (>67%)
MESSAGEix-GLOBIOM_1.2,COV_SelfReliance_550,C1,C1: limit warming to 1.5°C (>50%) with no or limited overshoot
MESSAGEix-GLOBIOM_1.2,COV_SelfReliance_max_GDP,C7,C7: limit warming to 4°C (>50%)
MESSAGEix-GLOBIOM_1.2,COV_SelfReliance_min_GDP,C7,C7: limit warming to 4°C (>50%)
MESSAGEix-GLOBIOM_1.2,COV_SmartUse,C7,C7: limit warming to 4°C (>50%)
MESSAGEix-GLOBIOM_1.2,COV_SmartUse_1000,C3,C3: limit warming to 2°C (>67%)
MESSAGEix-GLOBIOM_1.2,COV_SmartUse_550,C1,C1: limit warming to 1.5°C (>50%) with no or limited overshoot
MESSAGEix-GLOBIOM_GEI 1.0,SSP2_int_lc_15,C5,C5: limit warming to 2.5°C (>50%)
MESSAGEix-GLOBIOM_GEI 1.0,SSP2_int_lc_50,C3,C3: limit warming to 2°C (>67%)
MESSAGEix-GLOBIOM_GEI 1.0,SSP2_int_mc_15,C5,C5: limit warming to 2.5°C (>50%)
MESSAGEix-GLOBIOM_GEI 1.0,SSP2_int_mc_50,C2,C2: return warming to 1.5°C (>50%) after a high overshoot
MESSAGEix-GLOBIOM_GEI 1.0,SSP2_noint_lc_15,C5,C5: limit warming to 2.5°C (>50%)
MESSAGEix-GLOBIOM_GEI 1.0,SSP2_noint_lc_50,C3,C3: limit warming to 2°C (>67%)
MESSAGEix-GLOBIOM_GEI 1.0,SSP2_noint_mc_15,C5,C5: limit warming to 2.5°C (>50%)
MESSAGEix-GLOBIOM_GEI 1.0,SSP2_noint_mc_50,C2,C2: return warming to 1.5°C (>50%) after a high overshoot
MESSAGEix-GLOBIOM_GEI 1.0,SSP2_openres_lc_100,C2,C2: return warming to 1.5°C (>50%) after a high overshoot
MESSAGEix-GLOBIOM_GEI 1.0,SSP2_openres_lc_120,C2,C2: return warming to 1.5°C (>50%) after a high overshoot
MESSAGEix-GLOBIOM_GEI 1.0,SSP2_openres_lc_15,C5,C5: limit warming to 2.5°C (>50%)
MESSAGEix-GLOBIOM_GEI 1.0,SSP2_openres_lc_50,C3,C3: limit warming to 2°C (>67%)
MESSAGEix-GLOBIOM_GEI 1.0,SSP2_openres_lc_80,C2,C2: return warming to 1.5°C (>50%) after a high overshoot
MESSAGEix-GLOBIOM_GEI 1.0,SSP2_openres_lc_CB400,C2,C2: return warming to 1.5°C (>50%) after a high overshoot
MESSAGEix-GLOBIOM_GEI 1.0,SSP2_openres_lc_CB450,C2,C2: return warming to 1.5°C (>50%) after a high overshoot
MESSAGEix-GLOBIOM_GEI 1.0,SSP2_openres_lc_CB500,C2,C2: return warming to 1.5°C (>50%) after a high overshoot
MESSAGEix-GLOBIOM_GEI 1.0,SSP2_openres_lc_CB550,C2,C2: return warming to 1.5°C (>50%) after a high overshoot
MESSAGEix-GLOBIOM_GEI 1.0,SSP2_openres_lc_CB600,C2,C2: return warming to 1.5°C (>50%) after a high overshoot
MESSAGEix-GLOBIOM_GEI 1.0,SSP2_openres_mc_15,C5,C5: limit warming to 2.5°C (>50%)
MESSAGEix-GLOBIOM_GEI 1.0,SSP2_openres_mc_50,C2,C2: return warming to 1.5°C (>50%) after a high overshoot
MIGRATION 1.0,SSP1-1.9_zeromig,no-climate-assessment,no-climate-assessment
MIGRATION 1.0,SSP1_zeromig,no-climate-assessment,no-climate-assessment
MIGRATION 1.0,SSP2-4.5_zeromig,no-climate-assessment,no-climate-assessment
MIGRATION 1.0,SSP2_zeromig,no-climate-assessment,no-climate-assessment
MIGRATION 1.0,SSP3-7.0_zeromig,no-climate-assessment,no-climate-assessment
MIGRATION 1.0,SSP3_zeromig,no-climate-assessment,no-climate-assessment
MIGRATION 1.0,SSP4-6.0_zeromig,no-climate-assessment,no-climate-assessment
MIGRATION 1.0,SSP4_zeromig,no-climate-assessment,no-climate-assessment
MIGRATION 1.0,SSP5-8.5_zeromig,no-climate-assessment,no-climate-assessment
MIGRATION 1.0,SSP5_zeromig,no-climate-assessment,no-climate-assessment
MUSE 1.0,CSH,failed-vetting,failed-vetting
MUSE 1.0,PCSH,no-climate-assessment,no-climate-assessment
MUSE 1.0,PR_Baseline,failed-vetting,failed-vetting
MUSE 1.0,PR_CP_Intensity,no-climate-assessment,no-climate-assessment
MUSE 1.0,PR_CP_Price,no-climate-assessment,no-climate-assessment
MUSE 1.0,PR_CP_PriceOnly,failed-vetting,failed-vetting
MUSE 1.0,PR_NDC_Intensity,no-climate-assessment,no-climate-assessment
MUSE 1.0,PR_NDC_Price,no-climate-assessment,no-climate-assessment
MUSE 1.0,PR_NDC_PriceOnly,failed-vetting,failed-vetting
MUSE 1.0,R,failed-vetting,failed-vetting
MUSE 1.0,SH,failed-vetting,failed-vetting
McKinsey 1.0,1.5C A,failed-vetting,failed-vetting
McKinsey 1.0,1.5C B,failed-vetting,failed-vetting
McKinsey 1.0,1.5C C,failed-vetting,failed-vetting
POLES ADVANCE,ADVANCE_2020_1.5C-2100,C1,C1: limit warming to 1.5°C (>50%) with no or limited overshoot
POLES ADVANCE,ADVANCE_2020_Med2C,C3,C3: limit warming to 2°C (>67%)
POLES ADVANCE,ADVANCE_2020_WB2C,C2,C2: return warming to 1.5°C (>50%) after a high overshoot
POLES ADVANCE,ADVANCE_2030_1.5C-2100,C2,C2: return warming to 1.5°C (>50%) after a high overshoot
POLES ADVANCE,ADVANCE_2030_Med2C,C3,C3: limit warming to 2°C (>67%)
POLES ADVANCE,ADVANCE_2030_Price1.5C,C2,C2: return warming to 1.5°C (>50%) after a high overshoot
POLES ADVANCE,ADVANCE_2030_WB2C,C2,C2: return warming to 1.5°C (>50%) after a high overshoot
POLES ADVANCE,ADVANCE_INDC,C5,C5: limit warming to 2.5°C (>50%)
POLES ADVANCE,ADVANCE_NoPolicy,C7,C7: limit warming to 4°C (>50%)
POLES ADVANCE,ADVANCE_Reference,C7,C7: limit warming to 4°C (>50%)
POLES CD-LINKS,CD-LINKS_INDC2030i_1600,failed-vetting,failed-vetting
POLES CD-LINKS,CD-LINKS_INDC2030i_400,failed-vetting,failed-vetting
POLES CD-LINKS,CD-LINKS_INDCi,failed-vetting,failed-vetting
POLES CD-LINKS,CD-LINKS_NDC2030i_1000,failed-vetting,failed-vetting
POLES CD-LINKS,CD-LINKS_NPi,failed-vetting,failed-vetting
POLES CD-LINKS,CD-LINKS_NPi2020_1000,failed-vetting,failed-vetting
POLES CD-LINKS,CD-LINKS_NPi2020_1600,failed-vetting,failed-vetting
POLES CD-LINKS,CD-LINKS_NPi2020_400,failed-vetting,failed-vetting
POLES CD-LINKS,CD-LINKS_NoPolicy,C7,C7: limit warming to 4°C (>50%)
POLES EMF30,EMF30_BCOC-EndU,C7,C7: limit warming to 4°C (>50%)
POLES EMF30,EMF30_Baseline,C7,C7: limit warming to 4°C (>50%)
POLES EMF30,EMF30_CH4-Only,failed-vetting,failed-vetting
POLES EMF30,EMF30_ClimPolicy,failed-vetting,failed-vetting
POLES EMF30,EMF30_ClimPolicy+SLCF,failed-vetting,failed-vetting
POLES EMF30,EMF30_D_BCOC-Red,C7,C7: limit warming to 4°C (>50%)
POLES EMF30,EMF30_D_CH4-ClimPolicy,failed-vetting,failed-vetting
POLES EMF30,EMF30_D_CO2-Only,C4,C4: limit warming to 2°C (>50%)
POLES EMF30,EMF30_D_Frozen-CH4,C7,C7: limit warming to 4°C (>50%)
POLES EMF30,EMF30_D_Frozen-EF,C7,C7: limit warming to 4°C (>50%)
POLES EMF30,EMF30_D_Frozen-EF-EndU,C7,C7: limit warming to 4°C (>50%)
POLES EMF30,EMF30_D_Frozen-EF-SLCF,C7,C7: limit warming to 4°C (>50%)
POLES EMF30,EMF30_SLCF,failed-vetting,failed-vetting
POLES EMF30,EMF30_Slower-Action,failed-vetting,failed-vetting
POLES EMF30,EMF30_Slower-Action+SLCF,failed-vetting,failed-vetting
POLES EMF30,EMF30_Slower-to-faster,C2,C2: return warming to 1.5°C (>50%) after a high overshoot
POLES EMF30,EMF30_Slower-to-faster+SLCF,failed-vetting,failed-vetting
POLES EMF30,EMF30_Slower-to-faster+SLCF+HFC,failed-vetting,failed-vetting
POLES EMF33,EMF33_1.5C_cost100,failed-vetting,failed-vetting
POLES EMF33,EMF33_1.5C_full,failed-vetting,failed-vetting
POLES EMF33,EMF33_1.5C_limbio,failed-vetting,failed-vetting
POLES EMF33,EMF33_1.5C_nofuel,failed-vetting,failed-vetting
POLES EMF33,EMF33_Baseline,C7,C7: limit warming to 4°C (>50%)
POLES EMF33,EMF33_Med2C_cost100,C3,C3: limit warming to 2°C (>67%)
POLES EMF33,EMF33_Med2C_full,C3,C3: limit warming to 2°C (>67%)
POLES EMF33,EMF33_Med2C_limbio,C3,C3: limit warming to 2°C (>67%)
POLES EMF33,EMF33_Med2C_nobeccs,C3,C3: limit warming to 2°C (>67%)
POLES EMF33,EMF33_Med2C_nofuel,C3,C3: limit warming to 2°C (>67%)
POLES EMF33,EMF33_Med2C_none,C3,C3: limit warming to 2°C (>67%)
POLES EMF33,EMF33_WB2C_cost100,C1,C1: limit warming to 1.5°C (>50%) with no or limited overshoot
POLES EMF33,EMF33_WB2C_full,C1,C1: limit warming to 1.5°C (>50%) with no or limited overshoot
POLES EMF33,EMF33_WB2C_limbio,failed-vetting,failed-vetting
POLES EMF33,EMF33_WB2C_nobeccs,failed-vetting,failed-vetting
POLES EMF33,EMF33_WB2C_nofuel,C1,C1: limit warming to 1.5°C (>50%) with no or limited overshoot
POLES EMF33,EMF33_WB2C_none,failed-vetting,failed-vetting
POLES EMF33,EMF33_tax_hi_full,C4,C4: limit warming to 2°C (>50%)
POLES EMF33,EMF33_tax_hi_none,C4,C4: limit warming to 2°C (>50%)
POLES EMF33,EMF33_tax_lo_full,C5,C5: limit warming to 2.5°C (>50%)
POLES EMF33,EMF33_tax_lo_none,C5,C5: limit warming to 2.5°C (>50%)
POLES ENGAGE,EN_INDCi2030_1000,C4,C4: limit warming to 2°C (>50%)
POLES ENGAGE,EN_INDCi2030_1000_COV,C4,C4: limit warming to 2°C (>50%)
POLES ENGAGE,EN_INDCi2030_1000_COV_NDCp,C4,C4: limit warming to 2°C (>50%)
POLES ENGAGE,EN_INDCi2030_1000_NDCp,C4,C4: limit warming to 2°C (>50%)
POLES ENGAGE,EN_INDCi2030_1000f,C4,C4: limit warming to 2°C (>50%)
POLES ENGAGE,EN_INDCi2030_1000f_COV,C4,C4: limit warming to 2°C (>50%)
POLES ENGAGE,EN_INDCi2030_1000f_COV_NDCp,C4,C4: limit warming to 2°C (>50%)
POLES ENGAGE,EN_INDCi2030_1000f_NDCp,C4,C4: limit warming to 2°C (>50%)
POLES ENGAGE,EN_INDCi2030_1200,C4,C4: limit warming to 2°C (>50%)
POLES ENGAGE,EN_INDCi2030_1200f,C4,C4: limit warming to 2°C (>50%)
POLES ENGAGE,EN_INDCi2030_1400,C5,C5: limit warming to 2.5°C (>50%)
POLES ENGAGE,EN_INDCi2030_1400f,C5,C5: limit warming to 2.5°C (>50%)
POLES ENGAGE,EN_INDCi2030_1600,C5,C5: limit warming to 2.5°C (>50%)
POLES ENGAGE,EN_INDCi2030_1600f,C5,C5: limit warming to 2.5°C (>50%)
POLES ENGAGE,EN_INDCi2030_1800,C5,C5: limit warming to 2.5°C (>50%)
POLES ENGAGE,EN_INDCi2030_1800f,C5,C5: limit warming to 2.5°C (>50%)
POLES ENGAGE,EN_INDCi2030_2000,C5,C5: limit warming to 2.5°C (>50%)
POLES ENGAGE,EN_INDCi2030_2000f,C5,C5: limit warming to 2.5°C (>50%)
POLES ENGAGE,EN_INDCi2030_2500,C6,C6: limit warming to 3°C (>50%)
POLES ENGAGE,EN_INDCi2030_2500f,C6,C6: limit warming to 3°C (>50%)
POLES ENGAGE,EN_INDCi2030_3000,C6,C6: limit warming to 3°C (>50%)
POLES ENGAGE,EN_INDCi2030_3000f,C6,C6: limit warming to 3°C (>50%)
POLES ENGAGE,EN_INDCi2030_300f,C2,C2: return warming to 1.5°C (>50%) after a high overshoot
POLES ENGAGE,EN_INDCi2030_400f,C2,C2: return warming to 1.5°C (>50%) after a high overshoot
POLES ENGAGE,EN_INDCi2030_500f,C3,C3: limit warming to 2°C (>67%)
POLES ENGAGE,EN_INDCi2030_600f,C3,C3: limit warming to 2°C (>67%)
POLES ENGAGE,EN_INDCi2030_600f_COV,C3,C3: limit warming to 2°C (>67%)
POLES ENGAGE,EN_INDCi2030_600f_COV_NDCp,C3,C3: limit warming to 2°C (>67%)
POLES ENGAGE,EN_INDCi2030_600f_NDCp,C3,C3: limit warming to 2°C (>67%)
POLES ENGAGE,EN_INDCi2030_700f,C3,C3: limit warming to 2°C (>67%)
POLES ENGAGE,EN_INDCi2030_800f,C4,C4: limit warming to 2°C (>50%)
POLES ENGAGE,EN_INDCi2030_900,C3,C3: limit warming to 2°C (>67%)
POLES ENGAGE,EN_INDCi2030_900f,C4,C4: limit warming to 2°C (>50%)
POLES ENGAGE,EN_INDCi2100,C7,C7: limit warming to 4°C (>50%)
POLES ENGAGE,EN_INDCi2100_COV,C7,C7: limit warming to 4°C (>50%)
POLES ENGAGE,EN_INDCi2100_COV_NDCp,C6,C6: limit warming to 3°C (>50%)
POLES ENGAGE,EN_INDCi2100_NDCp,C6,C6: limit warming to 3°C (>50%)
POLES ENGAGE,EN_NPi2020_1000,C4,C4: limit warming to 2°C (>50%)
POLES ENGAGE,EN_NPi2020_1000_COV,C4,C4: limit warming to 2°C (>50%)
POLES ENGAGE,EN_NPi2020_1000f,C4,C4: limit warming to 2°C (>50%)
POLES ENGAGE,EN_NPi2020_1000f_COV,C4,C4: limit warming to 2°C (>50%)
POLES ENGAGE,EN_NPi2020_1200,C4,C4: limit warming to 2°C (>50%)
POLES ENGAGE,EN_NPi2020_1200f,C4,C4: limit warming to 2°C (>50%)
POLES ENGAGE,EN_NPi2020_1400,C5,C5: limit warming to 2.5°C (>50%)
POLES ENGAGE,EN_NPi2020_1400f,C5,C5: limit warming to 2.5°C (>50%)
POLES ENGAGE,EN_NPi2020_1600,C5,C5: limit warming to 2.5°C (>50%)
POLES ENGAGE,EN_NPi2020_1600f,C5,C5: limit warming to 2.5°C (>50%)
POLES ENGAGE,EN_NPi2020_1800,C5,C5: limit warming to 2.5°C (>50%)
POLES ENGAGE,EN_NPi2020_1800f,C5,C5: limit warming to 2.5°C (>50%)
POLES ENGAGE,EN_NPi2020_2000,C5,C5: limit warming to 2.5°C (>50%)
POLES ENGAGE,EN_NPi2020_2000f,C5,C5: limit warming to 2.5°C (>50%)
POLES ENGAGE,EN_NPi2020_2500,C6,C6: limit warming to 3°C (>50%)
POLES ENGAGE,EN_NPi2020_2500f,C6,C6: limit warming to 3°C (>50%)
POLES ENGAGE,EN_NPi2020_3000,C6,C6: limit warming to 3°C (>50%)
POLES ENGAGE,EN_NPi2020_3000f,C6,C6: limit warming to 3°C (>50%)
POLES ENGAGE,EN_NPi2020_300f,C2,C2: return warming to 1.5°C (>50%) after a high overshoot
POLES ENGAGE,EN_NPi2020_400f,C2,C2: return warming to 1.5°C (>50%) after a high overshoot
POLES ENGAGE,EN_NPi2020_500,C3,C3: limit warming to 2°C (>67%)
POLES ENGAGE,EN_NPi2020_500f,C3,C3: limit warming to 2°C (>67%)
POLES ENGAGE,EN_NPi2020_600,C3,C3: limit warming to 2°C (>67%)
POLES ENGAGE,EN_NPi2020_600f,C3,C3: limit warming to 2°C (>67%)
POLES ENGAGE,EN_NPi2020_600f_COV,C3,C3: limit warming to 2°C (>67%)
POLES ENGAGE,EN_NPi2020_700,C3,C3: limit warming to 2°C (>67%)
POLES ENGAGE,EN_NPi2020_700f,C3,C3: limit warming to 2°C (>67%)
POLES ENGAGE,EN_NPi2020_800,C3,C3: limit warming to 2°C (>67%)
POLES ENGAGE,EN_NPi2020_800f,C4,C4: limit warming to 2°C (>50%)
POLES ENGAGE,EN_NPi2020_900,C3,C3: limit warming to 2°C (>67%)
POLES ENGAGE,EN_NPi2020_900f,C4,C4: limit warming to 2°C (>50%)
POLES ENGAGE,EN_NPi2100,C7,C7: limit warming to 4°C (>50%)
POLES ENGAGE,EN_NPi2100_COV,C7,C7: limit warming to 4°C (>50%)
POLES GECO2019,CO_2Deg2020,C3,C3: limit warming to 2°C (>67%)
POLES GECO2019,CO_2Deg2030,C3,C3: limit warming to 2°C (>67%)
POLES GECO2019,CO_BAU,C7,C7: limit warming to 4°C (>50%)
POLES GECO2019,CO_Bridge,C2,C2: return warming to 1.5°C (>50%) after a high overshoot
POLES GECO2019,CO_Bridge_notax,C4,C4: limit warming to 2°C (>50%)
POLES GECO2019,CO_CurPol,C7,C7: limit warming to 4°C (>50%)
POLES GECO2019,CO_GPP,C5,C5: limit warming to 2.5°C (>50%)
POLES GECO2019,CO_GPP_notax,C7,C7: limit warming to 4°C (>50%)
POLES GECO2019,CO_NDC_2050convergence,C6,C6: limit warming to 3°C (>50%)
POLES GECO2019,CO_NDCplus,C7,C7: limit warming to 4°C (>50%)
PROMETHEUS 1.0,CO_2Deg2020,no-climate-assessment,no-climate-assessment
PROMETHEUS 1.0,CO_2Deg2030,no-climate-assessment,no-climate-assessment
PROMETHEUS 1.0,CO_BAU,no-climate-assessment,no-climate-assessment
PROMETHEUS 1.0,CO_Bridge,no-climate-assessment,no-climate-assessment
PROMETHEUS 1.0,CO_CurPol,no-climate-assessment,no-climate-assessment
PROMETHEUS 1.0,CO_GPP,no-climate-assessment,no-climate-assessment
PROMETHEUS 1.0,CO_NDCplus,no-climate-assessment,no-climate-assessment
REMIND 1.6,EMF30_BCOC-EndU,C7,C7: limit warming to 4°C (>50%)
REMIND 1.6,EMF30_Baseline,C7,C7: limit warming to 4°C (>50%)
REMIND 1.6,EMF30_CH4-Only,C7,C7: limit warming to 4°C (>50%)
REMIND 1.6,EMF30_ClimPolicy,failed-vetting,failed-vetting
REMIND 1.6,EMF30_ClimPolicy+SLCF,failed-vetting,failed-vetting
REMIND 1.6,EMF30_D_BCOC-Red,C7,C7: limit warming to 4°C (>50%)
REMIND 1.6,EMF30_D_CH4-ClimPolicy,C7,C7: limit warming to 4°C (>50%)
REMIND 1.6,EMF30_D_CO2-Only,failed-vetting,failed-vetting
REMIND 1.6,EMF30_D_Frozen-CH4,C8,C8: exceed warming of 4°C (>=50%)
REMIND 1.6,EMF30_D_Frozen-EF,C8,C8: exceed warming of 4°C (>=50%)
REMIND 1.6,EMF30_D_Frozen-EF-EndU,C7,C7: limit warming to 4°C (>50%)
REMIND 1.6,EMF30_D_Frozen-EF-SLCF,C8,C8: exceed warming of 4°C (>=50%)
REMIND 1.6,EMF30_SLCF,C7,C7: limit warming to 4°C (>50%)
REMIND 1.6,EMF30_Slower-Action,C7,C7: limit warming to 4°C (>50%)
REMIND 1.6,EMF30_Slower-Action+SLCF,C6,C6: limit warming to 3°C (>50%)
REMIND 1.6,EMF30_Slower-to-faster,C3,C3: limit warming to 2°C (>67%)
REMIND 1.6,EMF30_Slower-to-faster+SLCF,C3,C3: limit warming to 2°C (>67%)
REMIND 1.6,EMF30_Slower-to-faster+SLCF+HFC,C3,C3: limit warming to 2°C (>67%)
REMIND 1.7,ADVANCE_2020_1.5C-2100,C1,C1: limit warming to 1.5°C (>50%) with no or limited overshoot
REMIND 1.7,ADVANCE_2020_Med2C,C3,C3: limit warming to 2°C (>67%)
REMIND 1.7,ADVANCE_2020_WB2C,C2,C2: return warming to 1.5°C (>50%) after a high overshoot
REMIND 1.7,ADVANCE_2030_1.5C-2100,C2,C2: return warming to 1.5°C (>50%) after a high overshoot
REMIND 1.7,ADVANCE_2030_Med2C,C4,C4: limit warming to 2°C (>50%)
REMIND 1.7,ADVANCE_2030_Price1.5C,C2,C2: return warming to 1.5°C (>50%) after a high overshoot
REMIND 1.7,ADVANCE_2030_WB2C,C2,C2: return warming to 1.5°C (>50%) after a high overshoot
REMIND 1.7,ADVANCE_INDC,C6,C6: limit warming to 3°C (>50%)
REMIND 1.7,ADVANCE_NoPolicy,C7,C7: limit warming to 4°C (>50%)
REMIND 1.7,ADVANCE_Reference,C7,C7: limit warming to 4°C (>50%)
REMIND 1.7,CEMICS-1.5-CDR12,C1,C1: limit warming to 1.5°C (>50%) with no or limited overshoot
REMIND 1.7,CEMICS-1.5-CDR20,C1,C1: limit warming to 1.5°C (>50%) with no or limited overshoot
REMIND 1.7,CEMICS-1.5-CDR8,C1,C1: limit warming to 1.5°C (>50%) with no or limited overshoot
REMIND 1.7,CEMICS-2.0-CDR12,C2,C2: return warming to 1.5°C (>50%) after a high overshoot
REMIND 1.7,CEMICS-2.0-CDR20,C2,C2: return warming to 1.5°C (>50%) after a high overshoot
REMIND 1.7,CEMICS-2.0-CDR8,C1,C1: limit warming to 1.5°C (>50%) with no or limited overshoot
REMIND 1.7,CEMICS-Ref,C7,C7: limit warming to 4°C (>50%)
REMIND 2.1,CEMICS_GDPgrowth_1p5,C1,C1: limit warming to 1.5°C (>50%) with no or limited overshoot
REMIND 2.1,CEMICS_GDPgrowth_2C,C3,C3: limit warming to 2°C (>67%)
REMIND 2.1,CEMICS_HotellingConst_1p5,C1,C1: limit warming to 1.5°C (>50%) with no or limited overshoot
REMIND 2.1,CEMICS_HotellingConst_2C,C3,C3: limit warming to 2°C (>67%)
REMIND 2.1,CEMICS_Linear_1p5,C1,C1: limit warming to 1.5°C (>50%) with no or limited overshoot
REMIND 2.1,CEMICS_Linear_2C,C3,C3: limit warming to 2°C (>67%)
REMIND 2.1,CEMICS_NPI,C7,C7: limit warming to 4°C (>50%)
REMIND 2.1,CEMICS_opt_1p5,C1,C1: limit warming to 1.5°C (>50%) with no or limited overshoot
REMIND 2.1,CEMICS_opt_2C,C3,C3: limit warming to 2°C (>67%)
REMIND 2.1,LeastTotalCost_Base_brkLR15_SSP1_P50,C6,C6: limit warming to 3°C (>50%)
REMIND 2.1,LeastTotalCost_Base_brkLR15_SSP2_P50,C7,C7: limit warming to 4°C (>50%)
REMIND 2.1,LeastTotalCost_Base_brkLR15_SSP5_P50,C8,C8: exceed warming of 4°C (>=50%)
REMIND 2.1,LeastTotalCost_Base_brkSR15_SSP1_P50,C6,C6: limit warming to 3°C (>50%)
REMIND 2.1,LeastTotalCost_Base_brkSR15_SSP2_P50,C7,C7: limit warming to 4°C (>50%)
REMIND 2.1,LeastTotalCost_Base_brkSR15_SSP5_P50,C8,C8: exceed warming of 4°C (>=50%)
REMIND 2.1,LeastTotalCost_CBA_brkLR15_SSP2_P50,C3,C3: limit warming to 2°C (>67%)
REMIND 2.1,LeastTotalCost_CBA_brkSR15_SSP2_P50,C3,C3: limit warming to 2°C (>67%)
REMIND 2.1,LeastTotalCost_CEA_brkLR15_SSP2_P50,C3,C3: limit warming to 2°C (>67%)
REMIND 2.1,LeastTotalCost_CEA_brkSR15_SSP2_P50,C3,C3: limit warming to 2°C (>67%)
REMIND 2.1,LeastTotalCost_LTC_brkLR15_SSP1_P50,C1,C1: limit warming to 1.5°C (>50%) with no or limited overshoot
REMIND 2.1,LeastTotalCost_LTC_brkLR15_SSP2_P50,C3,C3: limit warming to 2°C (>67%)
REMIND 2.1,LeastTotalCost_LTC_brkLR15_SSP5_P50,C3,C3: limit warming to 2°C (>67%)
REMIND 2.1,LeastTotalCost_LTC_brkSR15_SSP1_P50,C2,C2: return warming to 1.5°C (>50%) after a high overshoot
REMIND 2.1,LeastTotalCost_LTC_brkSR15_SSP2_P50,C3,C3: limit warming to 2°C (>67%)
REMIND 2.1,LeastTotalCost_LTC_brkSR15_SSP5_P50,C3,C3: limit warming to 2°C (>67%)
REMIND 2.1,LeastTotalCost_NDC_brkLR15_SSP2_P50,C5,C5: limit warming to 2.5°C (>50%)
REMIND 2.1,LeastTotalCost_NDC_brkSR15_SSP2_P50,C5,C5: limit warming to 2.5°C (>50%)
REMIND 2.1,LeastTotalCost_NPi_brkLR15_SSP1_P50,C5,C5: limit warming to 2.5°C (>50%)
REMIND 2.1,LeastTotalCost_NPi_brkLR15_SSP2_P50,C7,C7: limit warming to 4°C (>50%)
REMIND 2.1,LeastTotalCost_NPi_brkLR15_SSP5_P50,C8,C8: exceed warming of 4°C (>=50%)
REMIND 2.1,LeastTotalCost_NPi_brkSR15_SSP1_P50,C5,C5: limit warming to 2.5°C (>50%)
REMIND 2.1,LeastTotalCost_NPi_brkSR15_SSP2_P50,C7,C7: limit warming to 4°C (>50%)
REMIND 2.1,LeastTotalCost_NPi_brkSR15_SSP5_P50,C8,C8: exceed warming of 4°C (>=50%)
REMIND 2.1,R2p1_SSP1-Base,C6,C6: limit warming to 3°C (>50%)
REMIND 2.1,R2p1_SSP1-NDC,C5,C5: limit warming to 2.5°C (>50%)
REMIND 2.1,R2p1_SSP1-NPi,C5,C5: limit warming to 2.5°C (>50%)
REMIND 2.1,R2p1_SSP1-PkBudg1100,C2,C2: return warming to 1.5°C (>50%) after a high overshoot
REMIND 2.1,R2p1_SSP1-PkBudg1300,C2,C2: return warming to 1.5°C (>50%) after a high overshoot
REMIND 2.1,R2p1_SSP1-PkBudg900,C1,C1: limit warming to 1.5°C (>50%) with no or limited overshoot
REMIND 2.1,R2p1_SSP2-Base,C7,C7: limit warming to 4°C (>50%)
REMIND 2.1,R2p1_SSP2-NDC,C5,C5: limit warming to 2.5°C (>50%)
REMIND 2.1,R2p1_SSP2-NPi,C7,C7: limit warming to 4°C (>50%)
REMIND 2.1,R2p1_SSP2-PkBudg1100,C3,C3: limit warming to 2°C (>67%)
REMIND 2.1,R2p1_SSP2-PkBudg1300,C3,C3: limit warming to 2°C (>67%)
REMIND 2.1,R2p1_SSP2-PkBudg900,C1,C1: limit warming to 1.5°C (>50%) with no or limited overshoot
REMIND 2.1,R2p1_SSP5-Base,C8,C8: exceed warming of 4°C (>=50%)
REMIND 2.1,R2p1_SSP5-NDC,C7,C7: limit warming to 4°C (>50%)
REMIND 2.1,R2p1_SSP5-NPi,C8,C8: exceed warming of 4°C (>=50%)
REMIND 2.1,R2p1_SSP5-PkBudg1100,C2,C2: return warming to 1.5°C (>50%) after a high overshoot
REMIND 2.1,R2p1_SSP5-PkBudg1300,C3,C3: limit warming to 2°C (>67%)
REMIND 2.1,R2p1_SSP5-PkBudg900,C1,C1: limit warming to 1.5°C (>50%) with no or limited overshoot
REMIND 2.1,TechCost-SSP2-B1100-bioH,C3,C3: limit warming to 2°C (>67%)
REMIND 2.1,TechCost-SSP2-B1100-ccsH,C3,C3: limit warming to 2°C (>67%)
REMIND 2.1,TechCost-SSP2-B1100-coalH,C3,C3: limit warming to 2°C (>67%)
REMIND 2.1,TechCost-SSP2-B1100-elh2H,C3,C3: limit warming to 2°C (>67%)
REMIND 2.1,TechCost-SSP2-B1100-gasH,C3,C3: limit warming to 2°C (>67%)
REMIND 2.1,TechCost-SSP2-B1100-nucH,C3,C3: limit warming to 2°C (>67%)
REMIND 2.1,TechCost-SSP2-B1100-oilH,C3,C3: limit warming to 2°C (>67%)
REMIND 2.1,TechCost-SSP2-B1100-spvH,C3,C3: limit warming to 2°C (>67%)
REMIND 2.1,TechCost-SSP2-B1100-windH,C3,C3: limit warming to 2°C (>67%)
REMIND-Buildings 2.0,BEG-Base,C7,C7: limit warming to 4°C (>50%)
REMIND-Buildings 2.0,BEG-Budg600,C2,C2: return warming to 1.5°C (>50%) after a high overshoot
REMIND-Buildings 2.0,BEG-Budg600-EG,C2,C2: return warming to 1.5°C (>50%) after a high overshoot
REMIND-Buildings 2.0,BEG-EG,C7,C7: limit warming to 4°C (>50%)
REMIND-H13 2.1,START_BAU,failed-vetting,failed-vetting
REMIND-H13 2.1,START_Current_Policies,failed-vetting,failed-vetting
REMIND-H13 2.1,START_Net-zero,failed-vetting,failed-vetting
REMIND-H13 2.1,START_Net-zero_noLandUse_CDRlim,failed-vetting,failed-vetting
REMIND-H13 2.1,START_Net-zero_noNuc_lowVRE,failed-vetting,failed-vetting
REMIND-MAgPIE 1.5,SSP1-19,C2,C2: return warming to 1.5°C (>50%) after a high overshoot
REMIND-MAgPIE 1.5,SSP1-26,C4,C4: limit warming to 2°C (>50%)
REMIND-MAgPIE 1.5,SSP1-34,C5,C5: limit warming to 2.5°C (>50%)
REMIND-MAgPIE 1.5,SSP1-45,C6,C6: limit warming to 3°C (>50%)
REMIND-MAgPIE 1.5,SSP1-Baseline,C7,C7: limit warming to 4°C (>50%)
REMIND-MAgPIE 1.5,SSP2-19,C1,C1: limit warming to 1.5°C (>50%) with no or limited overshoot
REMIND-MAgPIE 1.5,SSP2-26,C3,C3: limit warming to 2°C (>67%)
REMIND-MAgPIE 1.5,SSP2-34,C5,C5: limit warming to 2.5°C (>50%)
REMIND-MAgPIE 1.5,SSP2-45,C6,C6: limit warming to 3°C (>50%)
REMIND-MAgPIE 1.5,SSP2-60,C7,C7: limit warming to 4°C (>50%)
REMIND-MAgPIE 1.5,SSP2-Baseline,C7,C7: limit warming to 4°C (>50%)
REMIND-MAgPIE 1.5,SSP5-19,C2,C2: return warming to 1.5°C (>50%) after a high overshoot
REMIND-MAgPIE 1.5,SSP5-26,C4,C4: limit warming to 2°C (>50%)
REMIND-MAgPIE 1.5,SSP5-34,C5,C5: limit warming to 2.5°C (>50%)
REMIND-MAgPIE 1.5,SSP5-45,C6,C6: limit warming to 3°C (>50%)
REMIND-MAgPIE 1.5,SSP5-60,C7,C7: limit warming to 4°C (>50%)
REMIND-MAgPIE 1.5,SSP5-Baseline,C8,C8: exceed warming of 4°C (>=50%)
REMIND-MAgPIE 1.7-3.0,CD-LINKS_INDC2030i_1000,C2,C2: return warming to 1.5°C (>50%) after a high overshoot
REMIND-MAgPIE 1.7-3.0,CD-LINKS_INDC2030i_1600,C4,C4: limit warming to 2°C (>50%)
REMIND-MAgPIE 1.7-3.0,CD-LINKS_INDC2030i_400,C2,C2: return warming to 1.5°C (>50%) after a high overshoot
REMIND-MAgPIE 1.7-3.0,CD-LINKS_INDCi,C7,C7: limit warming to 4°C (>50%)
REMIND-MAgPIE 1.7-3.0,CD-LINKS_NDC2030i_1000,C3,C3: limit warming to 2°C (>67%)
REMIND-MAgPIE 1.7-3.0,CD-LINKS_NPi,C7,C7: limit warming to 4°C (>50%)
REMIND-MAgPIE 1.7-3.0,CD-LINKS_NPi2020_1000,C2,C2: return warming to 1.5°C (>50%) after a high overshoot
REMIND-MAgPIE 1.7-3.0,CD-LINKS_NPi2020_1600,C4,C4: limit warming to 2°C (>50%)
REMIND-MAgPIE 1.7-3.0,CD-LINKS_NPi2020_400,C1,C1: limit warming to 1.5°C (>50%) with no or limited overshoot
REMIND-MAgPIE 1.7-3.0,CD-LINKS_NoPolicy,C7,C7: limit warming to 4°C (>50%)
REMIND-MAgPIE 1.7-3.0,CO_2Deg2020,C2,C2: return warming to 1.5°C (>50%) after a high overshoot
REMIND-MAgPIE 1.7-3.0,CO_2Deg2030,C2,C2: return warming to 1.5°C (>50%) after a high overshoot
REMIND-MAgPIE 1.7-3.0,CO_BAU,C7,C7: limit warming to 4°C (>50%)
REMIND-MAgPIE 1.7-3.0,CO_Bridge,C2,C2: return warming to 1.5°C (>50%) after a high overshoot
REMIND-MAgPIE 1.7-3.0,CO_CurPol,C7,C7: limit warming to 4°C (>50%)
REMIND-MAgPIE 1.7-3.0,CO_GPP,C5,C5: limit warming to 2.5°C (>50%)
REMIND-MAgPIE 1.7-3.0,CO_NDCplus,C7,C7: limit warming to 4°C (>50%)
REMIND-MAgPIE 1.7-3.0,EMF33_1.5C_cost100,C2,C2: return warming to 1.5°C (>50%) after a high overshoot
REMIND-MAgPIE 1.7-3.0,EMF33_1.5C_full,C2,C2: return warming to 1.5°C (>50%) after a high overshoot
REMIND-MAgPIE 1.7-3.0,EMF33_1.5C_nofuel,C1,C1: limit warming to 1.5°C (>50%) with no or limited overshoot
REMIND-MAgPIE 1.7-3.0,EMF33_Baseline,C8,C8: exceed warming of 4°C (>=50%)
REMIND-MAgPIE 1.7-3.0,EMF33_Med2C_cost100,C4,C4: limit warming to 2°C (>50%)
REMIND-MAgPIE 1.7-3.0,EMF33_Med2C_full,C5,C5: limit warming to 2.5°C (>50%)
REMIND-MAgPIE 1.7-3.0,EMF33_Med2C_limbio,C3,C3: limit warming to 2°C (>67%)
REMIND-MAgPIE 1.7-3.0,EMF33_Med2C_nobeccs,C4,C4: limit warming to 2°C (>50%)
REMIND-MAgPIE 1.7-3.0,EMF33_Med2C_nofuel,C4,C4: limit warming to 2°C (>50%)
REMIND-MAgPIE 1.7-3.0,EMF33_Med2C_none,C4,C4: limit warming to 2°C (>50%)
REMIND-MAgPIE 1.7-3.0,EMF33_WB2C_cost100,C3,C3: limit warming to 2°C (>67%)
REMIND-MAgPIE 1.7-3.0,EMF33_WB2C_full,C3,C3: limit warming to 2°C (>67%)
REMIND-MAgPIE 1.7-3.0,EMF33_WB2C_limbio,C3,C3: limit warming to 2°C (>67%)
REMIND-MAgPIE 1.7-3.0,EMF33_WB2C_nobeccs,C3,C3: limit warming to 2°C (>67%)
REMIND-MAgPIE 1.7-3.0,EMF33_WB2C_nofuel,C3,C3: limit warming to 2°C (>67%)
REMIND-MAgPIE 1.7-3.0,EMF33_WB2C_none,C3,C3: limit warming to 2°C (>67%)
REMIND-MAgPIE 1.7-3.0,EMF33_tax_hi_full,C3,C3: limit warming to 2°C (>67%)
REMIND-MAgPIE 1.7-3.0,EMF33_tax_hi_none,C4,C4: limit warming to 2°C (>50%)
REMIND-MAgPIE 1.7-3.0,EMF33_tax_lo_full,C5,C5: limit warming to 2.5°C (>50%)
REMIND-MAgPIE 1.7-3.0,EMF33_tax_lo_none,C5,C5: limit warming to 2.5°C (>50%)
REMIND-MAgPIE 1.7-3.0,PEP_1p5C_full_NDC,C2,C2: return warming to 1.5°C (>50%) after a high overshoot
REMIND-MAgPIE 1.7-3.0,PEP_1p5C_full_eff,C1,C1: limit warming to 1.5°C (>50%) with no or limited overshoot
REMIND-MAgPIE 1.7-3.0,PEP_1p5C_full_goodpractice,C2,C2: return warming to 1.5°C (>50%) after a high overshoot
REMIND-MAgPIE 1.7-3.0,PEP_1p5C_full_netzero,C2,C2: return warming to 1.5°C (>50%) after a high overshoot
REMIND-MAgPIE 1.7-3.0,PEP_1p5C_red_eff,C1,C1: limit warming to 1.5°C (>50%) with no or limited overshoot
REMIND-MAgPIE 1.7-3.0,PEP_2C_full_NDC,C2,C2: return warming to 1.5°C (>50%) after a high overshoot
REMIND-MAgPIE 1.7-3.0,PEP_2C_full_eff,C2,C2: return warming to 1.5°C (>50%) after a high overshoot
REMIND-MAgPIE 1.7-3.0,PEP_2C_full_goodpractice,C2,C2: return warming to 1.5°C (>50%) after a high overshoot
REMIND-MAgPIE 1.7-3.0,PEP_2C_full_netzero,C2,C2: return warming to 1.5°C (>50%) after a high overshoot
REMIND-MAgPIE 1.7-3.0,PEP_2C_red_NDC,C2,C2: return warming to 1.5°C (>50%) after a high overshoot
REMIND-MAgPIE 1.7-3.0,PEP_2C_red_eff,C1,C1: limit warming to 1.5°C (>50%) with no or limited overshoot
REMIND-MAgPIE 1.7-3.0,PEP_2C_red_goodpractice,C2,C2: return warming to 1.5°C (>50%) after a high overshoot
REMIND-MAgPIE 1.7-3.0,PEP_2C_red_netzero,C2,C2: return warming to 1.5°C (>50%) after a high overshoot
REMIND-MAgPIE 1.7-3.0,PEP_NDC,C7,C7: limit warming to 4°C (>50%)
REMIND-MAgPIE 1.7-3.0,PEP_NPi,C7,C7: limit warming to 4°C (>50%)
REMIND-MAgPIE 1.7-3.0,PEP_NoPolicy,C7,C7: limit warming to 4°C (>50%)
REMIND-MAgPIE 1.7-3.0,PEP_goodpractice,C6,C6: limit warming to 3°C (>50%)
REMIND-MAgPIE 1.7-3.0,PEP_netzero,C5,C5: limit warming to 2.5°C (>50%)
REMIND-MAgPIE 1.7-3.0,SMP_1p5C_Def,failed-vetting,failed-vetting
REMIND-MAgPIE 1.7-3.0,SMP_1p5C_Sust,failed-vetting,failed-vetting
REMIND-MAgPIE 1.7-3.0,SMP_1p5C_early,failed-vetting,failed-vetting
REMIND-MAgPIE 1.7-3.0,SMP_1p5C_lifesty,failed-vetting,failed-vetting
REMIND-MAgPIE 1.7-3.0,SMP_1p5C_regul,failed-vetting,failed-vetting
REMIND-MAgPIE 1.7-3.0,SMP_2C_Def,failed-vetting,failed-vetting
REMIND-MAgPIE 1.7-3.0,SMP_2C_Sust,failed-vetting,failed-vetting
REMIND-MAgPIE 1.7-3.0,SMP_2C_early,failed-vetting,failed-vetting
REMIND-MAgPIE 1.7-3.0,SMP_2C_lifesty,C1,C1: limit warming to 1.5°C (>50%) with no or limited overshoot
REMIND-MAgPIE 1.7-3.0,SMP_2C_regul,failed-vetting,failed-vetting
REMIND-MAgPIE 1.7-3.0,SMP_REF_Def,C7,C7: limit warming to 4°C (>50%)
REMIND-MAgPIE 1.7-3.0,SMP_REF_Sust,C7,C7: limit warming to 4°C (>50%)
REMIND-MAgPIE 2.0-4.1,Diff_1300Gt_hybrid_def,C3,C3: limit warming to 2°C (>67%)
REMIND-MAgPIE 2.0-4.1,Diff_1300Gt_no-transfer_def,C3,C3: limit warming to 2°C (>67%)
REMIND-MAgPIE 2.0-4.1,Diff_1300Gt_uniform-pricing_def,C3,C3: limit warming to 2°C (>67%)
REMIND-MAgPIE 2.0-4.1,Diff_No-policy_baseline,C7,C7: limit warming to 4°C (>50%)
REMIND-MAgPIE 2.1-4.2,CEMICS_SSP1-1p5C-fullCDR,C1,C1: limit warming to 1.5°C (>50%) with no or limited overshoot
REMIND-MAgPIE 2.1-4.2,CEMICS_SSP1-1p5C-minCDR,C1,C1: limit warming to 1.5°C (>50%) with no or limited overshoot
REMIND-MAgPIE 2.1-4.2,CEMICS_SSP1-Npi,C6,C6: limit warming to 3°C (>50%)
REMIND-MAgPIE 2.1-4.2,CEMICS_SSP2-1p5C-fullCDR,C1,C1: limit warming to 1.5°C (>50%) with no or limited overshoot
REMIND-MAgPIE 2.1-4.2,CEMICS_SSP2-1p5C-minCDR,C1,C1: limit warming to 1.5°C (>50%) with no or limited overshoot
REMIND-MAgPIE 2.1-4.2,CEMICS_SSP2-2C-fullCDR,C3,C3: limit warming to 2°C (>67%)
REMIND-MAgPIE 2.1-4.2,CEMICS_SSP2-2C-minCDR,C3,C3: limit warming to 2°C (>67%)
REMIND-MAgPIE 2.1-4.2,CEMICS_SSP2-Npi,C7,C7: limit warming to 4°C (>50%)
REMIND-MAgPIE 2.1-4.2,EN_INDCi2030_1000,C3,C3: limit warming to 2°C (>67%)
REMIND-MAgPIE 2.1-4.2,EN_INDCi2030_1000_COV,C3,C3: limit warming to 2°C (>67%)
REMIND-MAgPIE 2.1-4.2,EN_INDCi2030_1000_COV_NDCp,C3,C3: limit warming to 2°C (>67%)
REMIND-MAgPIE 2.1-4.2,EN_INDCi2030_1000_NDCp,C3,C3: limit warming to 2°C (>67%)
REMIND-MAgPIE 2.1-4.2,EN_INDCi2030_1000f,C3,C3: limit warming to 2°C (>67%)
REMIND-MAgPIE 2.1-4.2,EN_INDCi2030_1000f_COV,C3,C3: limit warming to 2°C (>67%)
REMIND-MAgPIE 2.1-4.2,EN_INDCi2030_1000f_COV_NDCp,C3,C3: limit warming to 2°C (>67%)
REMIND-MAgPIE 2.1-4.2,EN_INDCi2030_1000f_NDCp,C3,C3: limit warming to 2°C (>67%)
REMIND-MAgPIE 2.1-4.2,EN_INDCi2030_1200,C3,C3: limit warming to 2°C (>67%)
REMIND-MAgPIE 2.1-4.2,EN_INDCi2030_1200f,C3,C3: limit warming to 2°C (>67%)
REMIND-MAgPIE 2.1-4.2,EN_INDCi2030_1400,C4,C4: limit warming to 2°C (>50%)
REMIND-MAgPIE 2.1-4.2,EN_INDCi2030_1400f,C4,C4: limit warming to 2°C (>50%)
REMIND-MAgPIE 2.1-4.2,EN_INDCi2030_1600,C5,C5: limit warming to 2.5°C (>50%)
REMIND-MAgPIE 2.1-4.2,EN_INDCi2030_1600f,C5,C5: limit warming to 2.5°C (>50%)
REMIND-MAgPIE 2.1-4.2,EN_INDCi2030_1800,C5,C5: limit warming to 2.5°C (>50%)
REMIND-MAgPIE 2.1-4.2,EN_INDCi2030_1800f,C5,C5: limit warming to 2.5°C (>50%)
REMIND-MAgPIE 2.1-4.2,EN_INDCi2030_2000,C5,C5: limit warming to 2.5°C (>50%)
REMIND-MAgPIE 2.1-4.2,EN_INDCi2030_2000f,C5,C5: limit warming to 2.5°C (>50%)
REMIND-MAgPIE 2.1-4.2,EN_INDCi2030_2500,C6,C6: limit warming to 3°C (>50%)
REMIND-MAgPIE 2.1-4.2,EN_INDCi2030_2500f,C6,C6: limit warming to 3°C (>50%)
REMIND-MAgPIE 2.1-4.2,EN_INDCi2030_3000,C6,C6: limit warming to 3°C (>50%)
REMIND-MAgPIE 2.1-4.2,EN_INDCi2030_3000f,C6,C6: limit warming to 3°C (>50%)
REMIND-MAgPIE 2.1-4.2,EN_INDCi2030_300f,C2,C2: return warming to 1.5°C (>50%) after a high overshoot
REMIND-MAgPIE 2.1-4.2,EN_INDCi2030_400f,C2,C2: return warming to 1.5°C (>50%) after a high overshoot
REMIND-MAgPIE 2.1-4.2,EN_INDCi2030_500f,C2,C2: return warming to 1.5°C (>50%) after a high overshoot
REMIND-MAgPIE 2.1-4.2,EN_INDCi2030_600_COV,C2,C2: return warming to 1.5°C (>50%) after a high overshoot
REMIND-MAgPIE 2.1-4.2,EN_INDCi2030_600_COV_NDCp,C2,C2: return warming to 1.5°C (>50%) after a high overshoot
REMIND-MAgPIE 2.1-4.2,EN_INDCi2030_600f,C2,C2: return warming to 1.5°C (>50%) after a high overshoot
REMIND-MAgPIE 2.1-4.2,EN_INDCi2030_600f_COV,C2,C2: return warming to 1.5°C (>50%) after a high overshoot
REMIND-MAgPIE 2.1-4.2,EN_INDCi2030_600f_COV_NDCp,C2,C2: return warming to 1.5°C (>50%) after a high overshoot
REMIND-MAgPIE 2.1-4.2,EN_INDCi2030_600f_NDCp,C2,C2: return warming to 1.5°C (>50%) after a high overshoot
REMIND-MAgPIE 2.1-4.2,EN_INDCi2030_700,C3,C3: limit warming to 2°C (>67%)
REMIND-MAgPIE 2.1-4.2,EN_INDCi2030_700f,C3,C3: limit warming to 2°C (>67%)
REMIND-MAgPIE 2.1-4.2,EN_INDCi2030_800,C3,C3: limit warming to 2°C (>67%)
REMIND-MAgPIE 2.1-4.2,EN_INDCi2030_800f,C3,C3: limit warming to 2°C (>67%)
REMIND-MAgPIE 2.1-4.2,EN_INDCi2030_900,C3,C3: limit warming to 2°C (>67%)
REMIND-MAgPIE 2.1-4.2,EN_INDCi2030_900f,C3,C3: limit warming to 2°C (>67%)
REMIND-MAgPIE 2.1-4.2,EN_INDCi2100,C5,C5: limit warming to 2.5°C (>50%)
REMIND-MAgPIE 2.1-4.2,EN_INDCi2100_COV,C5,C5: limit warming to 2.5°C (>50%)
REMIND-MAgPIE 2.1-4.2,EN_INDCi2100_COV_NDCp,C5,C5: limit warming to 2.5°C (>50%)
REMIND-MAgPIE 2.1-4.2,EN_INDCi2100_NDCp,C5,C5: limit warming to 2.5°C (>50%)
REMIND-MAgPIE 2.1-4.2,EN_NPi2020_1000,C3,C3: limit warming to 2°C (>67%)
REMIND-MAgPIE 2.1-4.2,EN_NPi2020_1000_COV,C3,C3: limit warming to 2°C (>67%)
REMIND-MAgPIE 2.1-4.2,EN_NPi2020_1000f,C3,C3: limit warming to 2°C (>67%)
REMIND-MAgPIE 2.1-4.2,EN_NPi2020_1000f_COV,C3,C3: limit warming to 2°C (>67%)
REMIND-MAgPIE 2.1-4.2,EN_NPi2020_1200,C3,C3: limit warming to 2°C (>67%)
REMIND-MAgPIE 2.1-4.2,EN_NPi2020_1200f,C3,C3: limit warming to 2°C (>67%)
REMIND-MAgPIE 2.1-4.2,EN_NPi2020_1400,C4,C4: limit warming to 2°C (>50%)
REMIND-MAgPIE 2.1-4.2,EN_NPi2020_1400f,C4,C4: limit warming to 2°C (>50%)
REMIND-MAgPIE 2.1-4.2,EN_NPi2020_1600,C4,C4: limit warming to 2°C (>50%)
REMIND-MAgPIE 2.1-4.2,EN_NPi2020_1600f,C4,C4: limit warming to 2°C (>50%)
REMIND-MAgPIE 2.1-4.2,EN_NPi2020_1800,C5,C5: limit warming to 2.5°C (>50%)
REMIND-MAgPIE 2.1-4.2,EN_NPi2020_1800f,C5,C5: limit warming to 2.5°C (>50%)
REMIND-MAgPIE 2.1-4.2,EN_NPi2020_2000,C5,C5: limit warming to 2.5°C (>50%)
REMIND-MAgPIE 2.1-4.2,EN_NPi2020_2000f,C5,C5: limit warming to 2.5°C (>50%)
REMIND-MAgPIE 2.1-4.2,EN_NPi2020_200f,C1,C1: limit warming to 1.5°C (>50%) with no or limited overshoot
REMIND-MAgPIE 2.1-4.2,EN_NPi2020_2500,C6,C6: limit warming to 3°C (>50%)
REMIND-MAgPIE 2.1-4.2,EN_NPi2020_2500f,C6,C6: limit warming to 3°C (>50%)
REMIND-MAgPIE 2.1-4.2,EN_NPi2020_3000,C6,C6: limit warming to 3°C (>50%)
REMIND-MAgPIE 2.1-4.2,EN_NPi2020_3000f,C6,C6: limit warming to 3°C (>50%)
REMIND-MAgPIE 2.1-4.2,EN_NPi2020_300f,C1,C1: limit warming to 1.5°C (>50%) with no or limited overshoot
REMIND-MAgPIE 2.1-4.2,EN_NPi2020_400,C1,C1: limit warming to 1.5°C (>50%) with no or limited overshoot
REMIND-MAgPIE 2.1-4.2,EN_NPi2020_400f,C1,C1: limit warming to 1.5°C (>50%) with no or limited overshoot
REMIND-MAgPIE 2.1-4.2,EN_NPi2020_500,C1,C1: limit warming to 1.5°C (>50%) with no or limited overshoot
REMIND-MAgPIE 2.1-4.2,EN_NPi2020_500f,C2,C2: return warming to 1.5°C (>50%) after a high overshoot
REMIND-MAgPIE 2.1-4.2,EN_NPi2020_600,C1,C1: limit warming to 1.5°C (>50%) with no or limited overshoot
REMIND-MAgPIE 2.1-4.2,EN_NPi2020_600_COV,C1,C1: limit warming to 1.5°C (>50%) with no or limited overshoot
REMIND-MAgPIE 2.1-4.2,EN_NPi2020_600f,C2,C2: return warming to 1.5°C (>50%) after a high overshoot
REMIND-MAgPIE 2.1-4.2,EN_NPi2020_600f_COV,C1,C1: limit warming to 1.5°C (>50%) with no or limited overshoot
REMIND-MAgPIE 2.1-4.2,EN_NPi2020_700,C3,C3: limit warming to 2°C (>67%)
REMIND-MAgPIE 2.1-4.2,EN_NPi2020_700f,C3,C3: limit warming to 2°C (>67%)
REMIND-MAgPIE 2.1-4.2,EN_NPi2020_800,C3,C3: limit warming to 2°C (>67%)
REMIND-MAgPIE 2.1-4.2,EN_NPi2020_800f,C3,C3: limit warming to 2°C (>67%)
REMIND-MAgPIE 2.1-4.2,EN_NPi2020_900,C3,C3: limit warming to 2°C (>67%)
REMIND-MAgPIE 2.1-4.2,EN_NPi2020_900f,C3,C3: limit warming to 2°C (>67%)
REMIND-MAgPIE 2.1-4.2,EN_NPi2100,C7,C7: limit warming to 4°C (>50%)
REMIND-MAgPIE 2.1-4.2,EN_NPi2100_COV,C7,C7: limit warming to 4°C (>50%)
REMIND-MAgPIE 2.1-4.2,EN_NoPolicy,C7,C7: limit warming to 4°C (>50%)
REMIND-MAgPIE 2.1-4.2,NGFS2_Below 2°C,C3,C3: limit warming to 2°C (>67%)
REMIND-MAgPIE 2.1-4.2,NGFS2_Below 2°C - IPD-95th,C3,C3: limit warming to 2°C (>67%)
REMIND-MAgPIE 2.1-4.2,NGFS2_Below 2°C - IPD-median,C3,C3: limit warming to 2°C (>67%)
REMIND-MAgPIE 2.1-4.2,NGFS2_Current Policies,C7,C7: limit warming to 4°C (>50%)
REMIND-MAgPIE 2.1-4.2,NGFS2_Current Policies - IPD-95th,C7,C7: limit warming to 4°C (>50%)
REMIND-MAgPIE 2.1-4.2,NGFS2_Current Policies - IPD-median,C7,C7: limit warming to 4°C (>50%)
REMIND-MAgPIE 2.1-4.2,NGFS2_Delayed Transition,C3,C3: limit warming to 2°C (>67%)
REMIND-MAgPIE 2.1-4.2,NGFS2_Divergent Net Zero Policies,C1,C1: limit warming to 1.5°C (>50%) with no or limited overshoot
REMIND-MAgPIE 2.1-4.2,NGFS2_Nationally Determined Contributions (NDCs),C5,C5: limit warming to 2.5°C (>50%)
REMIND-MAgPIE 2.1-4.2,NGFS2_Net-Zero 2050,C1,C1: limit warming to 1.5°C (>50%) with no or limited overshoot
REMIND-MAgPIE 2.1-4.2,NGFS2_Net-Zero 2050 - IPD-95th,C1,C1: limit warming to 1.5°C (>50%) with no or limited overshoot
REMIND-MAgPIE 2.1-4.2,NGFS2_Net-Zero 2050 - IPD-median,C1,C1: limit warming to 1.5°C (>50%) with no or limited overshoot
REMIND-MAgPIE 2.1-4.2,SusDev_SDP-NPi,C5,C5: limit warming to 2.5°C (>50%)
REMIND-MAgPIE 2.1-4.2,SusDev_SDP-PkBudg1000,C1,C1: limit warming to 1.5°C (>50%) with no or limited overshoot
REMIND-MAgPIE 2.1-4.2,SusDev_SSP1-NDC,C5,C5: limit warming to 2.5°C (>50%)
REMIND-MAgPIE 2.1-4.2,SusDev_SSP1-NPi,C5,C5: limit warming to 2.5°C (>50%)
REMIND-MAgPIE 2.1-4.2,SusDev_SSP1-PkBudg900,C1,C1: limit warming to 1.5°C (>50%) with no or limited overshoot
REMIND-MAgPIE 2.1-4.2,SusDev_SSP2-NDC,C5,C5: limit warming to 2.5°C (>50%)
REMIND-MAgPIE 2.1-4.2,SusDev_SSP2-NPi,C7,C7: limit warming to 4°C (>50%)
REMIND-MAgPIE 2.1-4.2,SusDev_SSP2-PkBudg900,C1,C1: limit warming to 1.5°C (>50%) with no or limited overshoot
REMIND-MAgPIE 2.1-4.3,DeepElec_SSP2_ HighRE_Budg1100,C3,C3: limit warming to 2°C (>67%)
REMIND-MAgPIE 2.1-4.3,DeepElec_SSP2_ HighRE_Budg1300,C3,C3: limit warming to 2°C (>67%)
REMIND-MAgPIE 2.1-4.3,DeepElec_SSP2_ HighRE_Budg900,C1,C1: limit warming to 1.5°C (>50%) with no or limited overshoot
REMIND-MAgPIE 2.1-4.3,DeepElec_SSP2_Base,C7,C7: limit warming to 4°C (>50%)
REMIND-MAgPIE 2.1-4.3,DeepElec_SSP2_Npi,C7,C7: limit warming to 4°C (>50%)
REMIND-MAgPIE 2.1-4.3,DeepElec_SSP2_def_Budg1100,C2,C2: return warming to 1.5°C (>50%) after a high overshoot
REMIND-MAgPIE 2.1-4.3,DeepElec_SSP2_def_Budg1300,C3,C3: limit warming to 2°C (>67%)
REMIND-MAgPIE 2.1-4.3,DeepElec_SSP2_def_Budg900,C1,C1: limit warming to 1.5°C (>50%) with no or limited overshoot
REMIND-Transport 2.1,Transport_Budg1100_Conv,C3,C3: limit warming to 2°C (>67%)
REMIND-Transport 2.1,Transport_Budg1100_Conv-LowD,C3,C3: limit warming to 2°C (>67%)
REMIND-Transport 2.1,Transport_Budg1100_ConvSyn,C3,C3: limit warming to 2°C (>67%)
REMIND-Transport 2.1,Transport_Budg1100_ElecPush,C3,C3: limit warming to 2°C (>67%)
REMIND-Transport 2.1,Transport_Budg1100_ElecPush-LowD,C3,C3: limit warming to 2°C (>67%)
REMIND-Transport 2.1,Transport_Budg1100_H2Push,C3,C3: limit warming to 2°C (>67%)
REMIND-Transport 2.1,Transport_NDC_Conv,C6,C6: limit warming to 3°C (>50%)
REMIND-Transport 2.1,Transport_NPi_Conv,C7,C7: limit warming to 4°C (>50%)
REMIND_EU 2.0,Eff_1p5,failed-vetting,failed-vetting
REMIND_EU 2.0,Eff_Weak,failed-vetting,failed-vetting
REMIND_EU 2.0,Eff_min80,failed-vetting,failed-vetting
REMIND_EU 2.0,Incumb_1p5,failed-vetting,failed-vetting
REMIND_EU 2.0,Incumb_Weak,failed-vetting,failed-vetting
REMIND_EU 2.0,Incumb_min80,failed-vetting,failed-vetting
REMIND_EU 2.0,NewPl_1p5,failed-vetting,failed-vetting
REMIND_EU 2.0,NewPl_Weak,failed-vetting,failed-vetting
REMIND_EU 2.0,NewPl_min80,failed-vetting,failed-vetting
REmap GRO2020,Planned Energy Scenario (PES),no-climate-assessment,no-climate-assessment
REmap GRO2020,Tranforming Energy Scenario (TES),no-climate-assessment,no-climate-assessment
Reference,CEDS,no-climate-assessment,no-climate-assessment
Reference,EDGAR AR6,no-climate-assessment,no-climate-assessment
Reference,EMBERS 2020,no-climate-assessment,no-climate-assessment
Reference,IEA 2019,no-climate-assessment,no-climate-assessment
Reference,IEA Energy Statistics (r2017),failed-vetting,failed-vetting
Reference,Solar-Wind-composite,no-climate-assessment,no-climate-assessment
SNOW_GL_HH_v1,BAU_IEO,no-climate-assessment,no-climate-assessment
SNOW_GL_HH_v1,BAU_WEO,no-climate-assessment,no-climate-assessment
SNOW_GL_HH_v1,IEO_NDC2C_ASIA,no-climate-assessment,no-climate-assessment
SNOW_GL_HH_v1,IEO_NDC2C_EUR_CHN,no-climate-assessment,no-climate-assessment
SNOW_GL_HH_v1,IEO_NDC2C_GLOBAL,no-climate-assessment,no-climate-assessment
SNOW_GL_HH_v1,IEO_NDC2C_PARTIAL,no-climate-assessment,no-climate-assessment
SNOW_GL_HH_v1,IEO_NDC2C_REF,no-climate-assessment,no-climate-assessment
SNOW_GL_HH_v1,IEO_NDC_ASIA,no-climate-assessment,no-climate-assessment
SNOW_GL_HH_v1,IEO_NDC_EUR_CHN,no-climate-assessment,no-climate-assessment
SNOW_GL_HH_v1,IEO_NDC_GLOBAL,no-climate-assessment,no-climate-assessment
SNOW_GL_HH_v1,IEO_NDC_PARTIAL,no-climate-assessment,no-climate-assessment
SNOW_GL_HH_v1,IEO_NDC_REF,no-climate-assessment,no-climate-assessment
SNOW_GL_HH_v1,IEO_NDCplus_ASIA,no-climate-assessment,no-climate-assessment
SNOW_GL_HH_v1,IEO_NDCplus_EUR_CHN,no-climate-assessment,no-climate-assessment
SNOW_GL_HH_v1,IEO_NDCplus_GLOBAL,no-climate-assessment,no-climate-assessment
SNOW_GL_HH_v1,IEO_NDCplus_PARTIAL,no-climate-assessment,no-climate-assessment
SNOW_GL_HH_v1,IEO_NDCplus_REF,no-climate-assessment,no-climate-assessment
SNOW_GL_HH_v1,WEO_NDC2C_ASIA,no-climate-assessment,no-climate-assessment
SNOW_GL_HH_v1,WEO_NDC2C_EUR_CHN,no-climate-assessment,no-climate-assessment
SNOW_GL_HH_v1,WEO_NDC2C_GLOBAL,no-climate-assessment,no-climate-assessment
SNOW_GL_HH_v1,WEO_NDC2C_PARTIAL,no-climate-assessment,no-climate-assessment
SNOW_GL_HH_v1,WEO_NDC2C_REF,no-climate-assessment,no-climate-assessment
SNOW_GL_HH_v1,WEO_NDC_ASIA,no-climate-assessment,no-climate-assessment
SNOW_GL_HH_v1,WEO_NDC_EUR_CHN,no-climate-assessment,no-climate-assessment
SNOW_GL_HH_v1,WEO_NDC_GLOBAL,no-climate-assessment,no-climate-assessment
SNOW_GL_HH_v1,WEO_NDC_PARTIAL,no-climate-assessment,no-climate-assessment
SNOW_GL_HH_v1,WEO_NDC_REF,no-climate-assessment,no-climate-assessment
SNOW_GL_HH_v1,WEO_NDCplus_ASIA,no-climate-assessment,no-climate-assessment
SNOW_GL_HH_v1,WEO_NDCplus_EUR_CHN,no-climate-assessment,no-climate-assessment
SNOW_GL_HH_v1,WEO_NDCplus_GLOBAL,no-climate-assessment,no-climate-assessment
SNOW_GL_HH_v1,WEO_NDCplus_PARTIAL,no-climate-assessment,no-climate-assessment
SNOW_GL_HH_v1,WEO_NDCplus_REF,no-climate-assessment,no-climate-assessment
Shell World Energy Model 2018,Sky,no-climate-assessment,no-climate-assessment
TEA 1.0,BAU_IEO,no-climate-assessment,no-climate-assessment
TEA 1.0,BAU_WEO,no-climate-assessment,no-climate-assessment
TEA 1.0,IEO_NDC2C_ASIA,no-climate-assessment,no-climate-assessment
TEA 1.0,IEO_NDC2C_EUR_CHN,no-climate-assessment,no-climate-assessment
TEA 1.0,IEO_NDC2C_GLOBAL,no-climate-assessment,no-climate-assessment
TEA 1.0,IEO_NDC2C_PARTIAL,no-climate-assessment,no-climate-assessment
TEA 1.0,IEO_NDC2C_REF,no-climate-assessment,no-climate-assessment
TEA 1.0,IEO_NDC_ASIA,no-climate-assessment,no-climate-assessment
TEA 1.0,IEO_NDC_EUR_CHN,no-climate-assessment,no-climate-assessment
TEA 1.0,IEO_NDC_GLOBAL,no-climate-assessment,no-climate-assessment
TEA 1.0,IEO_NDC_PARTIAL,no-climate-assessment,no-climate-assessment
TEA 1.0,IEO_NDC_REF,no-climate-assessment,no-climate-assessment
TEA 1.0,IEO_NDCplus_ASIA,no-climate-assessment,no-climate-assessment
TEA 1.0,IEO_NDCplus_EUR_CHN,no-climate-assessment,no-climate-assessment
TEA 1.0,IEO_NDCplus_GLOBAL,no-climate-assessment,no-climate-assessment
TEA 1.0,IEO_NDCplus_PARTIAL,no-climate-assessment,no-climate-assessment
TEA 1.0,IEO_NDCplus_REF,no-climate-assessment,no-climate-assessment
TEA 1.0,WEO_NDC2C_ASIA,no-climate-assessment,no-climate-assessment
TEA 1.0,WEO_NDC2C_EUR_CHN,no-climate-assessment,no-climate-assessment
TEA 1.0,WEO_NDC2C_GLOBAL,no-climate-assessment,no-climate-assessment
TEA 1.0,WEO_NDC2C_PARTIAL,no-climate-assessment,no-climate-assessment
TEA 1.0,WEO_NDC2C_REF,no-climate-assessment,no-climate-assessment
TEA 1.0,WEO_NDC_ASIA,no-climate-assessment,no-climate-assessment
TEA 1.0,WEO_NDC_EUR_CHN,no-climate-assessment,no-climate-assessment
TEA 1.0,WEO_NDC_GLOBAL,no-climate-assessment,no-climate-assessment
TEA 1.0,WEO_NDC_PARTIAL,no-climate-assessment,no-climate-assessment
TEA 1.0,WEO_NDC_REF,no-climate-assessment,no-climate-assessment
TEA 1.0,WEO_NDCplus_ASIA,no-climate-assessment,no-climate-assessment
TEA 1.0,WEO_NDCplus_EUR_CHN,no-climate-assessment,no-climate-assessment
TEA 1.0,WEO_NDCplus_GLOBAL,no-climate-assessment,no-climate-assessment
TEA 1.0,WEO_NDCplus_PARTIAL,no-climate-assessment,no-climate-assessment
TEA 1.0,WEO_NDCplus_REF,no-climate-assessment,no-climate-assessment
TIAM-ECN 1.1,EN_INDCi2030_1000,C3,C3: limit warming to 2°C (>67%)
TIAM-ECN 1.1,EN_INDCi2030_1000_COV,C3,C3: limit warming to 2°C (>67%)
TIAM-ECN 1.1,EN_INDCi2030_1000_NDCp,C3,C3: limit warming to 2°C (>67%)
TIAM-ECN 1.1,EN_INDCi2030_1000f,C3,C3: limit warming to 2°C (>67%)
TIAM-ECN 1.1,EN_INDCi2030_1000f_COV,C3,C3: limit warming to 2°C (>67%)
TIAM-ECN 1.1,EN_INDCi2030_1000f_NDCp,C3,C3: limit warming to 2°C (>67%)
TIAM-ECN 1.1,EN_INDCi2030_1200,C3,C3: limit warming to 2°C (>67%)
TIAM-ECN 1.1,EN_INDCi2030_1200f,C3,C3: limit warming to 2°C (>67%)
TIAM-ECN 1.1,EN_INDCi2030_1400,C4,C4: limit warming to 2°C (>50%)
TIAM-ECN 1.1,EN_INDCi2030_1400f,C4,C4: limit warming to 2°C (>50%)
TIAM-ECN 1.1,EN_INDCi2030_1600,C4,C4: limit warming to 2°C (>50%)
TIAM-ECN 1.1,EN_INDCi2030_1600f,C5,C5: limit warming to 2.5°C (>50%)
TIAM-ECN 1.1,EN_INDCi2030_2000,C5,C5: limit warming to 2.5°C (>50%)
TIAM-ECN 1.1,EN_INDCi2030_2000f,C5,C5: limit warming to 2.5°C (>50%)
TIAM-ECN 1.1,EN_INDCi2030_2500,C5,C5: limit warming to 2.5°C (>50%)
TIAM-ECN 1.1,EN_INDCi2030_2500f,C5,C5: limit warming to 2.5°C (>50%)
TIAM-ECN 1.1,EN_INDCi2030_3000,C6,C6: limit warming to 3°C (>50%)
TIAM-ECN 1.1,EN_INDCi2030_3000f,C6,C6: limit warming to 3°C (>50%)
TIAM-ECN 1.1,EN_INDCi2030_900,C3,C3: limit warming to 2°C (>67%)
TIAM-ECN 1.1,EN_INDCi2030_900f,C3,C3: limit warming to 2°C (>67%)
TIAM-ECN 1.1,EN_INDCi2100,C7,C7: limit warming to 4°C (>50%)
TIAM-ECN 1.1,EN_INDCi2100_COV,C7,C7: limit warming to 4°C (>50%)
TIAM-ECN 1.1,EN_INDCi2100_NDCp,C7,C7: limit warming to 4°C (>50%)
TIAM-ECN 1.1,EN_NPi2020_1000,C3,C3: limit warming to 2°C (>67%)
TIAM-ECN 1.1,EN_NPi2020_1000_COV,C3,C3: limit warming to 2°C (>67%)
TIAM-ECN 1.1,EN_NPi2020_1000f,C3,C3: limit warming to 2°C (>67%)
TIAM-ECN 1.1,EN_NPi2020_1000f_COV,C3,C3: limit warming to 2°C (>67%)
TIAM-ECN 1.1,EN_NPi2020_1200,C3,C3: limit warming to 2°C (>67%)
TIAM-ECN 1.1,EN_NPi2020_1200f,C3,C3: limit warming to 2°C (>67%)
TIAM-ECN 1.1,EN_NPi2020_1400,C4,C4: limit warming to 2°C (>50%)
TIAM-ECN 1.1,EN_NPi2020_1400f,C4,C4: limit warming to 2°C (>50%)
TIAM-ECN 1.1,EN_NPi2020_1600,C4,C4: limit warming to 2°C (>50%)
TIAM-ECN 1.1,EN_NPi2020_1600f,C5,C5: limit warming to 2.5°C (>50%)
TIAM-ECN 1.1,EN_NPi2020_2000,C5,C5: limit warming to 2.5°C (>50%)
TIAM-ECN 1.1,EN_NPi2020_2000f,C5,C5: limit warming to 2.5°C (>50%)
TIAM-ECN 1.1,EN_NPi2020_2500,C5,C5: limit warming to 2.5°C (>50%)
TIAM-ECN 1.1,EN_NPi2020_2500f,C5,C5: limit warming to 2.5°C (>50%)
TIAM-ECN 1.1,EN_NPi2020_3000,C6,C6: limit warming to 3°C (>50%)
TIAM-ECN 1.1,EN_NPi2020_3000f,C6,C6: limit warming to 3°C (>50%)
TIAM-ECN 1.1,EN_NPi2020_800,C3,C3: limit warming to 2°C (>67%)
TIAM-ECN 1.1,EN_NPi2020_800f,C3,C3: limit warming to 2°C (>67%)
TIAM-ECN 1.1,EN_NPi2020_900,C3,C3: limit warming to 2°C (>67%)
TIAM-ECN 1.1,EN_NPi2020_900f,C3,C3: limit warming to 2°C (>67%)
TIAM-ECN 1.1,EN_NPi2100,C7,C7: limit warming to 4°C (>50%)
TIAM-ECN 1.1,EN_NPi2100_COV,C7,C7: limit warming to 4°C (>50%)
TIAM-ECN AFR 1.1,2DC,failed-vetting,failed-vetting
TIAM-ECN AFR 1.1,CAP,failed-vetting,failed-vetting
TIAM-ECN AFR 1.1,REF,failed-vetting,failed-vetting
TIAM-ECN AFR 1.1,TAX,failed-vetting,failed-vetting
TIAM-ECN ETH 1.1,RCP2.6,failed-vetting,failed-vetting
TIAM-ECN ETH 1.1,baseline,failed-vetting,failed-vetting
TIAM-ECN KEN 1.1,CAP,failed-vetting,failed-vetting
TIAM-ECN KEN 1.1,NDC,failed-vetting,failed-vetting
TIAM-ECN KEN 1.1,REF,failed-vetting,failed-vetting
TIAM-ECN KEN 1.1,TAX,failed-vetting,failed-vetting
TIAM-ECN MDG 1.1,NDC,failed-vetting,failed-vetting
TIAM-ECN MDG 1.1,NDC+,failed-vetting,failed-vetting
TIAM-ECN MDG 1.1,REF,failed-vetting,failed-vetting
TIAM-Grantham 1.0,Baseline,failed-vetting,failed-vetting
TIAM-Grantham 3.2,CO_2Deg2020,no-climate-assessment,no-climate-assessment
TIAM-Grantham 3.2,CO_2Deg2030,no-climate-assessment,no-climate-assessment
TIAM-Grantham 3.2,CO_BAU,failed-vetting,failed-vetting
TIAM-Grantham 3.2,CO_Bridge,no-climate-assessment,no-climate-assessment
TIAM-Grantham 3.2,CO_CurPol,no-climate-assessment,no-climate-assessment
TIAM-Grantham 3.2,CO_GPP,no-climate-assessment,no-climate-assessment
TIAM-Grantham 3.2,CO_NDCplus,no-climate-assessment,no-climate-assessment
TIAM-Grantham 3.2,CSH,no-climate-assessment,no-climate-assessment
TIAM-Grantham 3.2,PCSH,no-climate-assessment,no-climate-assessment
TIAM-Grantham 3.2,PR_Baseline,no-climate-assessment,no-climate-assessment
TIAM-Grantham 3.2,PR_CP_CarbonPriceOnly,no-climate-assessment,no-climate-assessment
TIAM-Grantham 3.2,PR_CP_CarbonPrice_1,no-climate-assessment,no-climate-assessment
TIAM-Grantham 3.2,PR_CP_EmIntensity_1,no-climate-assessment,no-climate-assessment
TIAM-Grantham 3.2,PR_NDC_CarbonPriceOnly,no-climate-assessment,no-climate-assessment
TIAM-Grantham 3.2,PR_NDC_CarbonPrice_1,no-climate-assessment,no-climate-assessment
TIAM-Grantham 3.2,PR_NDC_EmIntensity_1,no-climate-assessment,no-climate-assessment
TIAM-Grantham 3.2,R,no-climate-assessment,no-climate-assessment
TIAM-Grantham 3.2,SH,no-climate-assessment,no-climate-assessment
TIAM-UCL 4.1.1,SSP2_1_5D-50_CCC2020,failed-vetting,failed-vetting
TIAM-UCL 4.1.1,SSP2_1_75D-66,failed-vetting,failed-vetting
TIAM-UCL 4.1.1,SSP2_1_75D-66_CCC2020,failed-vetting,failed-vetting
TIAM-UCL 4.1.1,SSP2_2D-66,failed-vetting,failed-vetting
TIAM-UCL 4.1.1,SSP2_2D-66_CCC2020,failed-vetting,failed-vetting
TIAM-UCL 4.1.1,SSP2_BASE,failed-vetting,failed-vetting
TIAM-UCL 4.1.1,SSP2_BASE_CCC2020,failed-vetting,failed-vetting
TIAM-WORLD 1.0,20% abatement (FF&I),failed-vetting,failed-vetting
TIAM-WORLD 1.0,20% abatement (GHG),failed-vetting,failed-vetting
TIAM-WORLD 1.0,450 concentration,failed-vetting,failed-vetting
TIAM-WORLD 1.0,50% abatement (FF&I),failed-vetting,failed-vetting
TIAM-WORLD 1.0,50% abatement (GHG),failed-vetting,failed-vetting
TIAM-WORLD 1.0,550 concentration,failed-vetting,failed-vetting
TIAM-WORLD 1.0,650 concentration,failed-vetting,failed-vetting
TIAM-WORLD 1.0,Core baseline,failed-vetting,failed-vetting
TIAM-WORLD 1.0,High CO2 price,failed-vetting,failed-vetting
TIAM-WORLD 1.0,Low CO2 price,failed-vetting,failed-vetting
TIAM-WORLD 1.0,Policy baseline,failed-vetting,failed-vetting
WEGDYN 1.0,BAU_IEO,no-climate-assessment,no-climate-assessment
WEGDYN 1.0,BAU_WEO,no-climate-assessment,no-climate-assessment
WEGDYN 1.0,IEO_NDC2C_ASIA,no-climate-assessment,no-climate-assessment
WEGDYN 1.0,IEO_NDC2C_EUR_CHN,no-climate-assessment,no-climate-assessment
WEGDYN 1.0,IEO_NDC2C_GLOBAL,no-climate-assessment,no-climate-assessment
WEGDYN 1.0,IEO_NDC2C_PARTIAL,no-climate-assessment,no-climate-assessment
WEGDYN 1.0,IEO_NDC2C_REF,no-climate-assessment,no-climate-assessment
WEGDYN 1.0,IEO_NDC_ASIA,no-climate-assessment,no-climate-assessment
WEGDYN 1.0,IEO_NDC_EUR_CHN,no-climate-assessment,no-climate-assessment
WEGDYN 1.0,IEO_NDC_GLOBAL,no-climate-assessment,no-climate-assessment
WEGDYN 1.0,IEO_NDC_PARTIAL,no-climate-assessment,no-climate-assessment
WEGDYN 1.0,IEO_NDC_REF,no-climate-assessment,no-climate-assessment
WEGDYN 1.0,IEO_NDCplus_ASIA,no-climate-assessment,no-climate-assessment
WEGDYN 1.0,IEO_NDCplus_EUR_CHN,no-climate-assessment,no-climate-assessment
WEGDYN 1.0,IEO_NDCplus_GLOBAL,no-climate-assessment,no-climate-assessment
WEGDYN 1.0,IEO_NDCplus_PARTIAL,no-climate-assessment,no-climate-assessment
WEGDYN 1.0,IEO_NDCplus_REF,no-climate-assessment,no-climate-assessment
WEGDYN 1.0,WEO_NDC2C_ASIA,no-climate-assessment,no-climate-assessment
WEGDYN 1.0,WEO_NDC2C_EUR_CHN,no-climate-assessment,no-climate-assessment
WEGDYN 1.0,WEO_NDC2C_GLOBAL,no-climate-assessment,no-climate-assessment
WEGDYN 1.0,WEO_NDC2C_PARTIAL,no-climate-assessment,no-climate-assessment
WEGDYN 1.0,WEO_NDC2C_REF,no-climate-assessment,no-climate-assessment
WEGDYN 1.0,WEO_NDC_ASIA,no-climate-assessment,no-climate-assessment
WEGDYN 1.0,WEO_NDC_EUR_CHN,no-climate-assessment,no-climate-assessment
WEGDYN 1.0,WEO_NDC_GLOBAL,no-climate-assessment,no-climate-assessment
WEGDYN 1.0,WEO_NDC_PARTIAL,no-climate-assessment,no-climate-assessment
WEGDYN 1.0,WEO_NDC_REF,no-climate-assessment,no-climate-assessment
WEGDYN 1.0,WEO_NDCplus_ASIA,no-climate-assessment,no-climate-assessment
WEGDYN 1.0,WEO_NDCplus_EUR_CHN,no-climate-assessment,no-climate-assessment
WEGDYN 1.0,WEO_NDCplus_GLOBAL,no-climate-assessment,no-climate-assessment
WEGDYN 1.0,WEO_NDCplus_PARTIAL,no-climate-assessment,no-climate-assessment
WEGDYN 1.0,WEO_NDCplus_REF,no-climate-assessment,no-climate-assessment
WEM 2020,SDS,no-climate-assessment,no-climate-assessment
WEM 2021,NZE,no-climate-assessment,no-climate-assessment
WITCH 4.6,DISCRATE_Ref_dr2p,C8,C8: exceed warming of 4°C (>=50%)
WITCH 4.6,DISCRATE_Ref_dr3p,C8,C8: exceed warming of 4°C (>=50%)
WITCH 4.6,DISCRATE_Ref_dr4p,C8,C8: exceed warming of 4°C (>=50%)
WITCH 4.6,DISCRATE_Ref_dr5p,C8,C8: exceed warming of 4°C (>=50%)
WITCH 4.6,DISCRATE_cb1000_cdrall_dr2p,failed-vetting,failed-vetting
WITCH 4.6,DISCRATE_cb1000_cdrall_dr3p,failed-vetting,failed-vetting
WITCH 4.6,DISCRATE_cb1000_cdrall_dr4p,failed-vetting,failed-vetting
WITCH 4.6,DISCRATE_cb1000_cdrall_dr5p,failed-vetting,failed-vetting
WITCH 4.6,DISCRATE_cb1000_cdrno_dr2p,failed-vetting,failed-vetting
WITCH 4.6,DISCRATE_cb1000_cdrno_dr3p,failed-vetting,failed-vetting
WITCH 4.6,DISCRATE_cb1000_cdrno_dr4p,failed-vetting,failed-vetting
WITCH 4.6,DISCRATE_cb1000_cdrno_dr5p,failed-vetting,failed-vetting
WITCH 4.6,DISCRATE_cb400_cdrall_dr2p,failed-vetting,failed-vetting
WITCH 4.6,DISCRATE_cb400_cdrall_dr3p,failed-vetting,failed-vetting
WITCH 4.6,DISCRATE_cb400_cdrall_dr4p,failed-vetting,failed-vetting
WITCH 4.6,DISCRATE_cb400_cdrall_dr5p,failed-vetting,failed-vetting
WITCH 4.6,DISCRATE_cb400_cdrno_dr2p,failed-vetting,failed-vetting
WITCH 4.6,DISCRATE_cb400_cdrno_dr3p,failed-vetting,failed-vetting
WITCH 4.6,DISCRATE_cb400_cdrno_dr4p,failed-vetting,failed-vetting
WITCH 4.6,DISCRATE_cb400_cdrno_dr5p,failed-vetting,failed-vetting
WITCH 4.6,DISCRATE_cb600_cdrall_dr2p,failed-vetting,failed-vetting
WITCH 4.6,DISCRATE_cb600_cdrall_dr3p,failed-vetting,failed-vetting
WITCH 4.6,DISCRATE_cb600_cdrall_dr4p,failed-vetting,failed-vetting
WITCH 4.6,DISCRATE_cb600_cdrall_dr5p,failed-vetting,failed-vetting
WITCH 4.6,DISCRATE_cb600_cdrno_dr2p,failed-vetting,failed-vetting
WITCH 4.6,DISCRATE_cb600_cdrno_dr3p,failed-vetting,failed-vetting
WITCH 4.6,DISCRATE_cb600_cdrno_dr4p,failed-vetting,failed-vetting
WITCH 4.6,DISCRATE_cb600_cdrno_dr5p,failed-vetting,failed-vetting
WITCH 5.0,CO_2Deg2020,C3,C3: limit warming to 2°C (>67%)
WITCH 5.0,CO_2Deg2030,C3,C3: limit warming to 2°C (>67%)
WITCH 5.0,CO_BAU,C7,C7: limit warming to 4°C (>50%)
WITCH 5.0,CO_Bridge,C3,C3: limit warming to 2°C (>67%)
WITCH 5.0,CO_CurPol,C7,C7: limit warming to 4°C (>50%)
WITCH 5.0,CO_GPP,C5,C5: limit warming to 2.5°C (>50%)
WITCH 5.0,CO_NDC_2050convergence,C5,C5: limit warming to 2.5°C (>50%)
WITCH 5.0,CO_NDCplus,C6,C6: limit warming to 3°C (>50%)
WITCH 5.0,EN_INDCi2030_1000,C3,C3: limit warming to 2°C (>67%)
WITCH 5.0,EN_INDCi2030_1000_NDCp,C3,C3: limit warming to 2°C (>67%)
WITCH 5.0,EN_INDCi2030_1000f,C3,C3: limit warming to 2°C (>67%)
WITCH 5.0,EN_INDCi2030_1000f_NDCp,C3,C3: limit warming to 2°C (>67%)
WITCH 5.0,EN_INDCi2030_1200,C4,C4: limit warming to 2°C (>50%)
WITCH 5.0,EN_INDCi2030_1200_NDCp,C4,C4: limit warming to 2°C (>50%)
WITCH 5.0,EN_INDCi2030_1200f,C4,C4: limit warming to 2°C (>50%)
WITCH 5.0,EN_INDCi2030_1200f_NDCp,C4,C4: limit warming to 2°C (>50%)
WITCH 5.0,EN_INDCi2030_1400,C4,C4: limit warming to 2°C (>50%)
WITCH 5.0,EN_INDCi2030_1400_NDCp,C4,C4: limit warming to 2°C (>50%)
WITCH 5.0,EN_INDCi2030_1400f,C4,C4: limit warming to 2°C (>50%)
WITCH 5.0,EN_INDCi2030_1400f_NDCp,C4,C4: limit warming to 2°C (>50%)
WITCH 5.0,EN_INDCi2030_1600,C5,C5: limit warming to 2.5°C (>50%)
WITCH 5.0,EN_INDCi2030_1600_NDCp,C5,C5: limit warming to 2.5°C (>50%)
WITCH 5.0,EN_INDCi2030_1600f,C5,C5: limit warming to 2.5°C (>50%)
WITCH 5.0,EN_INDCi2030_1600f_NDCp,C5,C5: limit warming to 2.5°C (>50%)
WITCH 5.0,EN_INDCi2030_1800,C5,C5: limit warming to 2.5°C (>50%)
WITCH 5.0,EN_INDCi2030_1800_NDCp,C5,C5: limit warming to 2.5°C (>50%)
WITCH 5.0,EN_INDCi2030_1800f,C5,C5: limit warming to 2.5°C (>50%)
WITCH 5.0,EN_INDCi2030_1800f_NDCp,C5,C5: limit warming to 2.5°C (>50%)
WITCH 5.0,EN_INDCi2030_2000,C5,C5: limit warming to 2.5°C (>50%)
WITCH 5.0,EN_INDCi2030_2000_NDCp,C5,C5: limit warming to 2.5°C (>50%)
WITCH 5.0,EN_INDCi2030_2000f,C5,C5: limit warming to 2.5°C (>50%)
WITCH 5.0,EN_INDCi2030_2000f_NDCp,C5,C5: limit warming to 2.5°C (>50%)
WITCH 5.0,EN_INDCi2030_2500,C5,C5: limit warming to 2.5°C (>50%)
WITCH 5.0,EN_INDCi2030_2500_NDCp,C5,C5: limit warming to 2.5°C (>50%)
WITCH 5.0,EN_INDCi2030_2500f,C5,C5: limit warming to 2.5°C (>50%)
WITCH 5.0,EN_INDCi2030_2500f_NDCp,C5,C5: limit warming to 2.5°C (>50%)
WITCH 5.0,EN_INDCi2030_3000,C6,C6: limit warming to 3°C (>50%)
WITCH 5.0,EN_INDCi2030_3000_NDCp,C6,C6: limit warming to 3°C (>50%)
WITCH 5.0,EN_INDCi2030_3000f,C6,C6: limit warming to 3°C (>50%)
WITCH 5.0,EN_INDCi2030_3000f_NDCp,C6,C6: limit warming to 3°C (>50%)
WITCH 5.0,EN_INDCi2030_500f,C2,C2: return warming to 1.5°C (>50%) after a high overshoot
WITCH 5.0,EN_INDCi2030_600f,C3,C3: limit warming to 2°C (>67%)
WITCH 5.0,EN_INDCi2030_600f_NDCp,C3,C3: limit warming to 2°C (>67%)
WITCH 5.0,EN_INDCi2030_700f,C3,C3: limit warming to 2°C (>67%)
WITCH 5.0,EN_INDCi2030_700f_NDCp,C3,C3: limit warming to 2°C (>67%)
WITCH 5.0,EN_INDCi2030_800,C3,C3: limit warming to 2°C (>67%)
WITCH 5.0,EN_INDCi2030_800_NDCp,C3,C3: limit warming to 2°C (>67%)
WITCH 5.0,EN_INDCi2030_800f,C3,C3: limit warming to 2°C (>67%)
WITCH 5.0,EN_INDCi2030_800f_NDCp,C3,C3: limit warming to 2°C (>67%)
WITCH 5.0,EN_INDCi2030_900,C3,C3: limit warming to 2°C (>67%)
WITCH 5.0,EN_INDCi2030_900_NDCp,C3,C3: limit warming to 2°C (>67%)
WITCH 5.0,EN_INDCi2030_900f,C3,C3: limit warming to 2°C (>67%)
WITCH 5.0,EN_INDCi2030_900f_NDCp,C3,C3: limit warming to 2°C (>67%)
WITCH 5.0,EN_INDCi2100,C6,C6: limit warming to 3°C (>50%)
WITCH 5.0,EN_INDCi2100_NDCp,C6,C6: limit warming to 3°C (>50%)
WITCH 5.0,EN_NPi2020_1000,C3,C3: limit warming to 2°C (>67%)
WITCH 5.0,EN_NPi2020_1000f,C3,C3: limit warming to 2°C (>67%)
WITCH 5.0,EN_NPi2020_1200,C4,C4: limit warming to 2°C (>50%)
WITCH 5.0,EN_NPi2020_1200f,C4,C4: limit warming to 2°C (>50%)
WITCH 5.0,EN_NPi2020_1400,C4,C4: limit warming to 2°C (>50%)
WITCH 5.0,EN_NPi2020_1400f,C4,C4: limit warming to 2°C (>50%)
WITCH 5.0,EN_NPi2020_1600,C4,C4: limit warming to 2°C (>50%)
WITCH 5.0,EN_NPi2020_1600f,C4,C4: limit warming to 2°C (>50%)
WITCH 5.0,EN_NPi2020_1800,C5,C5: limit warming to 2.5°C (>50%)
WITCH 5.0,EN_NPi2020_1800f,C5,C5: limit warming to 2.5°C (>50%)
WITCH 5.0,EN_NPi2020_2000,C5,C5: limit warming to 2.5°C (>50%)
WITCH 5.0,EN_NPi2020_2000f,C5,C5: limit warming to 2.5°C (>50%)
WITCH 5.0,EN_NPi2020_2500,C5,C5: limit warming to 2.5°C (>50%)
WITCH 5.0,EN_NPi2020_2500f,C5,C5: limit warming to 2.5°C (>50%)
WITCH 5.0,EN_NPi2020_3000,C6,C6: limit warming to 3°C (>50%)
WITCH 5.0,EN_NPi2020_3000f,C6,C6: limit warming to 3°C (>50%)
WITCH 5.0,EN_NPi2020_400f,C1,C1: limit warming to 1.5°C (>50%) with no or limited overshoot
WITCH 5.0,EN_NPi2020_450,C1,C1: limit warming to 1.5°C (>50%) with no or limited overshoot
WITCH 5.0,EN_NPi2020_450f,C1,C1: limit warming to 1.5°C (>50%) with no or limited overshoot
WITCH 5.0,EN_NPi2020_500,C1,C1: limit warming to 1.5°C (>50%) with no or limited overshoot
WITCH 5.0,EN_NPi2020_500f,C1,C1: limit warming to 1.5°C (>50%) with no or limited overshoot
WITCH 5.0,EN_NPi2020_600,C3,C3: limit warming to 2°C (>67%)
WITCH 5.0,EN_NPi2020_600f,C3,C3: limit warming to 2°C (>67%)
WITCH 5.0,EN_NPi2020_700,C3,C3: limit warming to 2°C (>67%)
WITCH 5.0,EN_NPi2020_700f,C3,C3: limit warming to 2°C (>67%)
WITCH 5.0,EN_NPi2020_800,C3,C3: limit warming to 2°C (>67%)
WITCH 5.0,EN_NPi2020_800f,C3,C3: limit warming to 2°C (>67%)
WITCH 5.0,EN_NPi2020_900,C3,C3: limit warming to 2°C (>67%)
WITCH 5.0,EN_NPi2020_900f,C3,C3: limit warming to 2°C (>67%)
WITCH 5.0,EN_NPi2100,C7,C7: limit warming to 4°C (>50%)
WITCH 5.0,EN_NoPolicy,C7,C7: limit warming to 4°C (>50%)
WITCH-GLOBIOM 3.1,SSP1-19,C1,C1: limit warming to 1.5°C (>50%) with no or limited overshoot
WITCH-GLOBIOM 3.1,SSP1-26,failed-vetting,failed-vetting
WITCH-GLOBIOM 3.1,SSP1-34,failed-vetting,failed-vetting
WITCH-GLOBIOM 3.1,SSP1-45,failed-vetting,failed-vetting
WITCH-GLOBIOM 3.1,SSP1-Baseline,C7,C7: limit warming to 4°C (>50%)
WITCH-GLOBIOM 3.1,SSP2-26,failed-vetting,failed-vetting
WITCH-GLOBIOM 3.1,SSP2-34,failed-vetting,failed-vetting
WITCH-GLOBIOM 3.1,SSP2-45,failed-vetting,failed-vetting
WITCH-GLOBIOM 3.1,SSP2-60,failed-vetting,failed-vetting
WITCH-GLOBIOM 3.1,SSP2-Baseline,C8,C8: exceed warming of 4°C (>=50%)
WITCH-GLOBIOM 3.1,SSP3-34,failed-vetting,failed-vetting
WITCH-GLOBIOM 3.1,SSP3-45,failed-vetting,failed-vetting
WITCH-GLOBIOM 3.1,SSP3-60,failed-vetting,failed-vetting
WITCH-GLOBIOM 3.1,SSP3-Baseline,C8,C8: exceed warming of 4°C (>=50%)
WITCH-GLOBIOM 3.1,SSP4-19,C1,C1: limit warming to 1.5°C (>50%) with no or limited overshoot
WITCH-GLOBIOM 3.1,SSP4-26,failed-vetting,failed-vetting
WITCH-GLOBIOM 3.1,SSP4-34,failed-vetting,failed-vetting
WITCH-GLOBIOM 3.1,SSP4-45,failed-vetting,failed-vetting
WITCH-GLOBIOM 3.1,SSP4-60,failed-vetting,failed-vetting
WITCH-GLOBIOM 3.1,SSP4-Baseline,C7,C7: limit warming to 4°C (>50%)
WITCH-GLOBIOM 3.1,SSP5-34,failed-vetting,failed-vetting
WITCH-GLOBIOM 3.1,SSP5-45,failed-vetting,failed-vetting
WITCH-GLOBIOM 3.1,SSP5-60,failed-vetting,failed-vetting
WITCH-GLOBIOM 3.1,SSP5-Baseline,C8,C8: exceed warming of 4°C (>=50%)
WITCH-GLOBIOM 4.2,ADVANCE_2020_1.5C-2100,failed-vetting,failed-vetting
WITCH-GLOBIOM 4.2,ADVANCE_2020_Med2C,failed-vetting,failed-vetting
WITCH-GLOBIOM 4.2,ADVANCE_2020_WB2C,failed-vetting,failed-vetting
WITCH-GLOBIOM 4.2,ADVANCE_2030_Med2C,failed-vetting,failed-vetting
WITCH-GLOBIOM 4.2,ADVANCE_2030_Price1.5C,failed-vetting,failed-vetting
WITCH-GLOBIOM 4.2,ADVANCE_2030_WB2C,failed-vetting,failed-vetting
WITCH-GLOBIOM 4.2,ADVANCE_INDC,failed-vetting,failed-vetting
WITCH-GLOBIOM 4.2,ADVANCE_NoPolicy,C8,C8: exceed warming of 4°C (>=50%)
WITCH-GLOBIOM 4.2,ADVANCE_Reference,failed-vetting,failed-vetting
WITCH-GLOBIOM 4.2,ADVANCE_WP2_TRA-450-FullTech,no-climate-assessment,no-climate-assessment
WITCH-GLOBIOM 4.2,ADVANCE_WP2_TRA-Base-FullTech,no-climate-assessment,no-climate-assessment
WITCH-GLOBIOM 4.2,ADVANCE_WP2_TRA-Ctax-FullTech,no-climate-assessment,no-climate-assessment
WITCH-GLOBIOM 4.2,EMF30_BCOC-EndU,C8,C8: exceed warming of 4°C (>=50%)
WITCH-GLOBIOM 4.2,EMF30_Baseline,C8,C8: exceed warming of 4°C (>=50%)
WITCH-GLOBIOM 4.2,EMF30_CH4-Only,C7,C7: limit warming to 4°C (>50%)
WITCH-GLOBIOM 4.2,EMF30_ClimPolicy,failed-vetting,failed-vetting
WITCH-GLOBIOM 4.2,EMF30_ClimPolicy+SLCF,failed-vetting,failed-vetting
WITCH-GLOBIOM 4.2,EMF30_D_BCOC-Red,C8,C8: exceed warming of 4°C (>=50%)
WITCH-GLOBIOM 4.2,EMF30_D_CH4-ClimPolicy,failed-vetting,failed-vetting
WITCH-GLOBIOM 4.2,EMF30_D_CO2-Only,failed-vetting,failed-vetting
WITCH-GLOBIOM 4.2,EMF30_D_Frozen-CH4,C8,C8: exceed warming of 4°C (>=50%)
WITCH-GLOBIOM 4.2,EMF30_D_Frozen-EF,C7,C7: limit warming to 4°C (>50%)
WITCH-GLOBIOM 4.2,EMF30_D_Frozen-EF-EndU,C8,C8: exceed warming of 4°C (>=50%)
WITCH-GLOBIOM 4.2,EMF30_D_Frozen-EF-SLCF,C8,C8: exceed warming of 4°C (>=50%)
WITCH-GLOBIOM 4.2,EMF30_SLCF,C7,C7: limit warming to 4°C (>50%)
WITCH-GLOBIOM 4.2,EMF30_Slower-Action,failed-vetting,failed-vetting
WITCH-GLOBIOM 4.2,EMF30_Slower-Action+SLCF,failed-vetting,failed-vetting
WITCH-GLOBIOM 4.2,EMF30_Slower-to-faster,failed-vetting,failed-vetting
WITCH-GLOBIOM 4.2,EMF30_Slower-to-faster+SLCF,failed-vetting,failed-vetting
WITCH-GLOBIOM 4.2,EMF30_Slower-to-faster+SLCF+HFC,failed-vetting,failed-vetting
WITCH-GLOBIOM 4.4,CD-LINKS_INDC2030i_1600,C3,C3: limit warming to 2°C (>67%)
WITCH-GLOBIOM 4.4,CD-LINKS_INDCi,C7,C7: limit warming to 4°C (>50%)
WITCH-GLOBIOM 4.4,CD-LINKS_NDC2030i_1000,C2,C2: return warming to 1.5°C (>50%) after a high overshoot
WITCH-GLOBIOM 4.4,CD-LINKS_NPi,C7,C7: limit warming to 4°C (>50%)
WITCH-GLOBIOM 4.4,CD-LINKS_NPi2020_1000,C1,C1: limit warming to 1.5°C (>50%) with no or limited overshoot
WITCH-GLOBIOM 4.4,CD-LINKS_NPi2020_1600,C3,C3: limit warming to 2°C (>67%)
WITCH-GLOBIOM 4.4,CD-LINKS_NPi2020_400,C1,C1: limit warming to 1.5°C (>50%) with no or limited overshoot
WITCH-GLOBIOM 4.4,CD-LINKS_NoPolicy,C7,C7: limit warming to 4°C (>50%)
history,scen,no-climate-assessment,no-climate-assessment
